--
-- PostgreSQL database dump
--

\restrict y5lEXHGZW0XQPqQNQ2bobADTNVMegOpY3vJnCeDGgdRnvcQxH8K9n7OIG4k58q4

-- Dumped from database version 16.14 (Ubuntu 16.14-0ubuntu0.24.04.1)
-- Dumped by pg_dump version 16.14 (Ubuntu 16.14-0ubuntu0.24.04.1)

-- Started on 2026-06-14 15:12:04 UTC

SET statement_timeout = 0;
SET lock_timeout = 0;
SET idle_in_transaction_session_timeout = 0;
SET client_encoding = 'UTF8';
SET standard_conforming_strings = on;
SELECT pg_catalog.set_config('search_path', '', false);
SET check_function_bodies = false;
SET xmloption = content;
SET client_min_messages = warning;
SET row_security = off;

SET default_tablespace = '';

SET default_table_access_method = heap;

--
-- TOC entry 222 (class 1259 OID 115053)
-- Name: auth_group; Type: TABLE; Schema: public; Owner: quantumd
--

CREATE TABLE public.auth_group (
    id integer NOT NULL,
    name character varying(150) NOT NULL
);


ALTER TABLE public.auth_group OWNER TO quantumd;

--
-- TOC entry 221 (class 1259 OID 115052)
-- Name: auth_group_id_seq; Type: SEQUENCE; Schema: public; Owner: quantumd
--

ALTER TABLE public.auth_group ALTER COLUMN id ADD GENERATED BY DEFAULT AS IDENTITY (
    SEQUENCE NAME public.auth_group_id_seq
    START WITH 1
    INCREMENT BY 1
    NO MINVALUE
    NO MAXVALUE
    CACHE 1
);


--
-- TOC entry 224 (class 1259 OID 115061)
-- Name: auth_group_permissions; Type: TABLE; Schema: public; Owner: quantumd
--

CREATE TABLE public.auth_group_permissions (
    id bigint NOT NULL,
    group_id integer NOT NULL,
    permission_id integer NOT NULL
);


ALTER TABLE public.auth_group_permissions OWNER TO quantumd;

--
-- TOC entry 223 (class 1259 OID 115060)
-- Name: auth_group_permissions_id_seq; Type: SEQUENCE; Schema: public; Owner: quantumd
--

ALTER TABLE public.auth_group_permissions ALTER COLUMN id ADD GENERATED BY DEFAULT AS IDENTITY (
    SEQUENCE NAME public.auth_group_permissions_id_seq
    START WITH 1
    INCREMENT BY 1
    NO MINVALUE
    NO MAXVALUE
    CACHE 1
);


--
-- TOC entry 220 (class 1259 OID 115047)
-- Name: auth_permission; Type: TABLE; Schema: public; Owner: quantumd
--

CREATE TABLE public.auth_permission (
    id integer NOT NULL,
    name character varying(255) NOT NULL,
    content_type_id integer NOT NULL,
    codename character varying(100) NOT NULL
);


ALTER TABLE public.auth_permission OWNER TO quantumd;

--
-- TOC entry 219 (class 1259 OID 115046)
-- Name: auth_permission_id_seq; Type: SEQUENCE; Schema: public; Owner: quantumd
--

ALTER TABLE public.auth_permission ALTER COLUMN id ADD GENERATED BY DEFAULT AS IDENTITY (
    SEQUENCE NAME public.auth_permission_id_seq
    START WITH 1
    INCREMENT BY 1
    NO MINVALUE
    NO MAXVALUE
    CACHE 1
);


--
-- TOC entry 226 (class 1259 OID 115067)
-- Name: auth_user; Type: TABLE; Schema: public; Owner: quantumd
--

CREATE TABLE public.auth_user (
    id integer NOT NULL,
    password character varying(128) NOT NULL,
    last_login timestamp with time zone,
    is_superuser boolean NOT NULL,
    username character varying(150) NOT NULL,
    first_name character varying(150) NOT NULL,
    last_name character varying(150) NOT NULL,
    email character varying(254) NOT NULL,
    is_staff boolean NOT NULL,
    is_active boolean NOT NULL,
    date_joined timestamp with time zone NOT NULL
);


ALTER TABLE public.auth_user OWNER TO quantumd;

--
-- TOC entry 228 (class 1259 OID 115075)
-- Name: auth_user_groups; Type: TABLE; Schema: public; Owner: quantumd
--

CREATE TABLE public.auth_user_groups (
    id bigint NOT NULL,
    user_id integer NOT NULL,
    group_id integer NOT NULL
);


ALTER TABLE public.auth_user_groups OWNER TO quantumd;

--
-- TOC entry 227 (class 1259 OID 115074)
-- Name: auth_user_groups_id_seq; Type: SEQUENCE; Schema: public; Owner: quantumd
--

ALTER TABLE public.auth_user_groups ALTER COLUMN id ADD GENERATED BY DEFAULT AS IDENTITY (
    SEQUENCE NAME public.auth_user_groups_id_seq
    START WITH 1
    INCREMENT BY 1
    NO MINVALUE
    NO MAXVALUE
    CACHE 1
);


--
-- TOC entry 225 (class 1259 OID 115066)
-- Name: auth_user_id_seq; Type: SEQUENCE; Schema: public; Owner: quantumd
--

ALTER TABLE public.auth_user ALTER COLUMN id ADD GENERATED BY DEFAULT AS IDENTITY (
    SEQUENCE NAME public.auth_user_id_seq
    START WITH 1
    INCREMENT BY 1
    NO MINVALUE
    NO MAXVALUE
    CACHE 1
);


--
-- TOC entry 230 (class 1259 OID 115081)
-- Name: auth_user_user_permissions; Type: TABLE; Schema: public; Owner: quantumd
--

CREATE TABLE public.auth_user_user_permissions (
    id bigint NOT NULL,
    user_id integer NOT NULL,
    permission_id integer NOT NULL
);


ALTER TABLE public.auth_user_user_permissions OWNER TO quantumd;

--
-- TOC entry 229 (class 1259 OID 115080)
-- Name: auth_user_user_permissions_id_seq; Type: SEQUENCE; Schema: public; Owner: quantumd
--

ALTER TABLE public.auth_user_user_permissions ALTER COLUMN id ADD GENERATED BY DEFAULT AS IDENTITY (
    SEQUENCE NAME public.auth_user_user_permissions_id_seq
    START WITH 1
    INCREMENT BY 1
    NO MINVALUE
    NO MAXVALUE
    CACHE 1
);


--
-- TOC entry 234 (class 1259 OID 115168)
-- Name: book_category; Type: TABLE; Schema: public; Owner: quantumd
--

CREATE TABLE public.book_category (
    id bigint NOT NULL,
    choice character varying(100) NOT NULL
);


ALTER TABLE public.book_category OWNER TO quantumd;

--
-- TOC entry 233 (class 1259 OID 115167)
-- Name: book_category_id_seq; Type: SEQUENCE; Schema: public; Owner: quantumd
--

ALTER TABLE public.book_category ALTER COLUMN id ADD GENERATED BY DEFAULT AS IDENTITY (
    SEQUENCE NAME public.book_category_id_seq
    START WITH 1
    INCREMENT BY 1
    NO MINVALUE
    NO MAXVALUE
    CACHE 1
);


--
-- TOC entry 238 (class 1259 OID 115186)
-- Name: book_details; Type: TABLE; Schema: public; Owner: quantumd
--

CREATE TABLE public.book_details (
    id bigint NOT NULL,
    isbn character varying(20) NOT NULL,
    title character varying(255) NOT NULL,
    author character varying(255) NOT NULL,
    publication_year integer NOT NULL,
    total_copies integer NOT NULL,
    available_copies integer NOT NULL,
    created_at timestamp with time zone NOT NULL,
    updated_at timestamp with time zone NOT NULL,
    category_id bigint NOT NULL,
    is_active boolean NOT NULL
);


ALTER TABLE public.book_details OWNER TO quantumd;

--
-- TOC entry 237 (class 1259 OID 115185)
-- Name: book_details_id_seq; Type: SEQUENCE; Schema: public; Owner: quantumd
--

ALTER TABLE public.book_details ALTER COLUMN id ADD GENERATED BY DEFAULT AS IDENTITY (
    SEQUENCE NAME public.book_details_id_seq
    START WITH 1
    INCREMENT BY 1
    NO MINVALUE
    NO MAXVALUE
    CACHE 1
);


--
-- TOC entry 232 (class 1259 OID 115139)
-- Name: django_admin_log; Type: TABLE; Schema: public; Owner: quantumd
--

CREATE TABLE public.django_admin_log (
    id integer NOT NULL,
    action_time timestamp with time zone NOT NULL,
    object_id text,
    object_repr character varying(200) NOT NULL,
    action_flag smallint NOT NULL,
    change_message text NOT NULL,
    content_type_id integer,
    user_id integer NOT NULL,
    CONSTRAINT django_admin_log_action_flag_check CHECK ((action_flag >= 0))
);


ALTER TABLE public.django_admin_log OWNER TO quantumd;

--
-- TOC entry 231 (class 1259 OID 115138)
-- Name: django_admin_log_id_seq; Type: SEQUENCE; Schema: public; Owner: quantumd
--

ALTER TABLE public.django_admin_log ALTER COLUMN id ADD GENERATED BY DEFAULT AS IDENTITY (
    SEQUENCE NAME public.django_admin_log_id_seq
    START WITH 1
    INCREMENT BY 1
    NO MINVALUE
    NO MAXVALUE
    CACHE 1
);


--
-- TOC entry 260 (class 1259 OID 131134)
-- Name: django_celery_beat_clockedschedule; Type: TABLE; Schema: public; Owner: quantumd
--

CREATE TABLE public.django_celery_beat_clockedschedule (
    id integer NOT NULL,
    clocked_time timestamp with time zone NOT NULL
);


ALTER TABLE public.django_celery_beat_clockedschedule OWNER TO quantumd;

--
-- TOC entry 259 (class 1259 OID 131133)
-- Name: django_celery_beat_clockedschedule_id_seq; Type: SEQUENCE; Schema: public; Owner: quantumd
--

ALTER TABLE public.django_celery_beat_clockedschedule ALTER COLUMN id ADD GENERATED BY DEFAULT AS IDENTITY (
    SEQUENCE NAME public.django_celery_beat_clockedschedule_id_seq
    START WITH 1
    INCREMENT BY 1
    NO MINVALUE
    NO MAXVALUE
    CACHE 1
);


--
-- TOC entry 251 (class 1259 OID 131073)
-- Name: django_celery_beat_crontabschedule; Type: TABLE; Schema: public; Owner: quantumd
--

CREATE TABLE public.django_celery_beat_crontabschedule (
    id integer NOT NULL,
    minute character varying(240) NOT NULL,
    hour character varying(96) NOT NULL,
    day_of_week character varying(64) NOT NULL,
    day_of_month character varying(124) NOT NULL,
    month_of_year character varying(64) NOT NULL,
    timezone character varying(63) NOT NULL
);


ALTER TABLE public.django_celery_beat_crontabschedule OWNER TO quantumd;

--
-- TOC entry 250 (class 1259 OID 131072)
-- Name: django_celery_beat_crontabschedule_id_seq; Type: SEQUENCE; Schema: public; Owner: quantumd
--

ALTER TABLE public.django_celery_beat_crontabschedule ALTER COLUMN id ADD GENERATED BY DEFAULT AS IDENTITY (
    SEQUENCE NAME public.django_celery_beat_crontabschedule_id_seq
    START WITH 1
    INCREMENT BY 1
    NO MINVALUE
    NO MAXVALUE
    CACHE 1
);


--
-- TOC entry 253 (class 1259 OID 131079)
-- Name: django_celery_beat_intervalschedule; Type: TABLE; Schema: public; Owner: quantumd
--

CREATE TABLE public.django_celery_beat_intervalschedule (
    id integer NOT NULL,
    every integer NOT NULL,
    period character varying(24) NOT NULL
);


ALTER TABLE public.django_celery_beat_intervalschedule OWNER TO quantumd;

--
-- TOC entry 252 (class 1259 OID 131078)
-- Name: django_celery_beat_intervalschedule_id_seq; Type: SEQUENCE; Schema: public; Owner: quantumd
--

ALTER TABLE public.django_celery_beat_intervalschedule ALTER COLUMN id ADD GENERATED BY DEFAULT AS IDENTITY (
    SEQUENCE NAME public.django_celery_beat_intervalschedule_id_seq
    START WITH 1
    INCREMENT BY 1
    NO MINVALUE
    NO MAXVALUE
    CACHE 1
);


--
-- TOC entry 255 (class 1259 OID 131085)
-- Name: django_celery_beat_periodictask; Type: TABLE; Schema: public; Owner: quantumd
--

CREATE TABLE public.django_celery_beat_periodictask (
    id integer NOT NULL,
    name character varying(200) NOT NULL,
    task character varying(200) NOT NULL,
    args text NOT NULL,
    kwargs text NOT NULL,
    queue character varying(200),
    exchange character varying(200),
    routing_key character varying(200),
    expires timestamp with time zone,
    enabled boolean NOT NULL,
    last_run_at timestamp with time zone,
    total_run_count integer NOT NULL,
    date_changed timestamp with time zone NOT NULL,
    description text NOT NULL,
    crontab_id integer,
    interval_id integer,
    solar_id integer,
    one_off boolean NOT NULL,
    start_time timestamp with time zone,
    priority integer,
    headers text NOT NULL,
    clocked_id integer,
    expire_seconds integer,
    CONSTRAINT django_celery_beat_periodictask_expire_seconds_check CHECK ((expire_seconds >= 0)),
    CONSTRAINT django_celery_beat_periodictask_priority_check CHECK ((priority >= 0)),
    CONSTRAINT django_celery_beat_periodictask_total_run_count_check CHECK ((total_run_count >= 0))
);


ALTER TABLE public.django_celery_beat_periodictask OWNER TO quantumd;

--
-- TOC entry 254 (class 1259 OID 131084)
-- Name: django_celery_beat_periodictask_id_seq; Type: SEQUENCE; Schema: public; Owner: quantumd
--

ALTER TABLE public.django_celery_beat_periodictask ALTER COLUMN id ADD GENERATED BY DEFAULT AS IDENTITY (
    SEQUENCE NAME public.django_celery_beat_periodictask_id_seq
    START WITH 1
    INCREMENT BY 1
    NO MINVALUE
    NO MAXVALUE
    CACHE 1
);


--
-- TOC entry 256 (class 1259 OID 131095)
-- Name: django_celery_beat_periodictasks; Type: TABLE; Schema: public; Owner: quantumd
--

CREATE TABLE public.django_celery_beat_periodictasks (
    ident smallint NOT NULL,
    last_update timestamp with time zone NOT NULL
);


ALTER TABLE public.django_celery_beat_periodictasks OWNER TO quantumd;

--
-- TOC entry 258 (class 1259 OID 131114)
-- Name: django_celery_beat_solarschedule; Type: TABLE; Schema: public; Owner: quantumd
--

CREATE TABLE public.django_celery_beat_solarschedule (
    id integer NOT NULL,
    event character varying(24) NOT NULL,
    latitude numeric(9,6) NOT NULL,
    longitude numeric(9,6) NOT NULL
);


ALTER TABLE public.django_celery_beat_solarschedule OWNER TO quantumd;

--
-- TOC entry 257 (class 1259 OID 131113)
-- Name: django_celery_beat_solarschedule_id_seq; Type: SEQUENCE; Schema: public; Owner: quantumd
--

ALTER TABLE public.django_celery_beat_solarschedule ALTER COLUMN id ADD GENERATED BY DEFAULT AS IDENTITY (
    SEQUENCE NAME public.django_celery_beat_solarschedule_id_seq
    START WITH 1
    INCREMENT BY 1
    NO MINVALUE
    NO MAXVALUE
    CACHE 1
);


--
-- TOC entry 218 (class 1259 OID 115039)
-- Name: django_content_type; Type: TABLE; Schema: public; Owner: quantumd
--

CREATE TABLE public.django_content_type (
    id integer NOT NULL,
    app_label character varying(100) NOT NULL,
    model character varying(100) NOT NULL
);


ALTER TABLE public.django_content_type OWNER TO quantumd;

--
-- TOC entry 217 (class 1259 OID 115038)
-- Name: django_content_type_id_seq; Type: SEQUENCE; Schema: public; Owner: quantumd
--

ALTER TABLE public.django_content_type ALTER COLUMN id ADD GENERATED BY DEFAULT AS IDENTITY (
    SEQUENCE NAME public.django_content_type_id_seq
    START WITH 1
    INCREMENT BY 1
    NO MINVALUE
    NO MAXVALUE
    CACHE 1
);


--
-- TOC entry 216 (class 1259 OID 115031)
-- Name: django_migrations; Type: TABLE; Schema: public; Owner: quantumd
--

CREATE TABLE public.django_migrations (
    id bigint NOT NULL,
    app character varying(255) NOT NULL,
    name character varying(255) NOT NULL,
    applied timestamp with time zone NOT NULL
);


ALTER TABLE public.django_migrations OWNER TO quantumd;

--
-- TOC entry 215 (class 1259 OID 115030)
-- Name: django_migrations_id_seq; Type: SEQUENCE; Schema: public; Owner: quantumd
--

ALTER TABLE public.django_migrations ALTER COLUMN id ADD GENERATED BY DEFAULT AS IDENTITY (
    SEQUENCE NAME public.django_migrations_id_seq
    START WITH 1
    INCREMENT BY 1
    NO MINVALUE
    NO MAXVALUE
    CACHE 1
);


--
-- TOC entry 247 (class 1259 OID 115322)
-- Name: django_session; Type: TABLE; Schema: public; Owner: quantumd
--

CREATE TABLE public.django_session (
    session_key character varying(40) NOT NULL,
    session_data text NOT NULL,
    expire_date timestamp with time zone NOT NULL
);


ALTER TABLE public.django_session OWNER TO quantumd;

--
-- TOC entry 244 (class 1259 OID 115214)
-- Name: fine_maintanence; Type: TABLE; Schema: public; Owner: quantumd
--

CREATE TABLE public.fine_maintanence (
    id bigint NOT NULL,
    fine_cost integer NOT NULL,
    is_paid boolean NOT NULL,
    paid_time timestamp with time zone,
    created_at timestamp with time zone NOT NULL,
    updated_at timestamp with time zone NOT NULL,
    book_id bigint NOT NULL,
    librarian_id bigint NOT NULL,
    is_return boolean NOT NULL,
    member_id bigint,
    books_number integer NOT NULL,
    overdue_date date,
    paid_cost integer,
    remain_cost integer
);


ALTER TABLE public.fine_maintanence OWNER TO quantumd;

--
-- TOC entry 243 (class 1259 OID 115213)
-- Name: fine_maintanence_id_seq; Type: SEQUENCE; Schema: public; Owner: quantumd
--

ALTER TABLE public.fine_maintanence ALTER COLUMN id ADD GENERATED BY DEFAULT AS IDENTITY (
    SEQUENCE NAME public.fine_maintanence_id_seq
    START WITH 1
    INCREMENT BY 1
    NO MINVALUE
    NO MAXVALUE
    CACHE 1
);


--
-- TOC entry 246 (class 1259 OID 115272)
-- Name: issue_maintanence; Type: TABLE; Schema: public; Owner: quantumd
--

CREATE TABLE public.issue_maintanence (
    id bigint NOT NULL,
    issue_date timestamp with time zone NOT NULL,
    due_date timestamp with time zone NOT NULL,
    status character varying(255) NOT NULL,
    created_at timestamp with time zone NOT NULL,
    updated_at timestamp with time zone NOT NULL,
    book_id bigint NOT NULL,
    librarian_id bigint NOT NULL,
    member_id bigint,
    return_date timestamp with time zone,
    books_number integer NOT NULL
);


ALTER TABLE public.issue_maintanence OWNER TO quantumd;

--
-- TOC entry 245 (class 1259 OID 115271)
-- Name: issue_maintanence_id_seq; Type: SEQUENCE; Schema: public; Owner: quantumd
--

ALTER TABLE public.issue_maintanence ALTER COLUMN id ADD GENERATED BY DEFAULT AS IDENTITY (
    SEQUENCE NAME public.issue_maintanence_id_seq
    START WITH 1
    INCREMENT BY 1
    NO MINVALUE
    NO MAXVALUE
    CACHE 1
);


--
-- TOC entry 236 (class 1259 OID 115174)
-- Name: librarian_details; Type: TABLE; Schema: public; Owner: quantumd
--

CREATE TABLE public.librarian_details (
    id bigint NOT NULL,
    username character varying(255) NOT NULL,
    password character varying(255) NOT NULL,
    name character varying(255) NOT NULL,
    surname character varying(255) NOT NULL,
    email character varying(254) NOT NULL,
    phone_number character varying(15) NOT NULL,
    address text NOT NULL,
    is_active boolean NOT NULL,
    created_at timestamp with time zone NOT NULL,
    updated_at timestamp with time zone NOT NULL,
    is_shown boolean NOT NULL
);


ALTER TABLE public.librarian_details OWNER TO quantumd;

--
-- TOC entry 240 (class 1259 OID 115196)
-- Name: member_detail; Type: TABLE; Schema: public; Owner: quantumd
--

CREATE TABLE public.member_detail (
    id bigint NOT NULL,
    first_name character varying(255) NOT NULL,
    email character varying(254) NOT NULL,
    phone_number character varying(15) NOT NULL,
    address text NOT NULL,
    membership_date date NOT NULL,
    is_active boolean NOT NULL,
    created_at timestamp with time zone NOT NULL,
    updated_at timestamp with time zone NOT NULL,
    is_expired boolean NOT NULL,
    last_name character varying(255)
);


ALTER TABLE public.member_detail OWNER TO quantumd;

--
-- TOC entry 239 (class 1259 OID 115195)
-- Name: member_detail_id_seq; Type: SEQUENCE; Schema: public; Owner: quantumd
--

ALTER TABLE public.member_detail ALTER COLUMN id ADD GENERATED BY DEFAULT AS IDENTITY (
    SEQUENCE NAME public.member_detail_id_seq
    START WITH 1
    INCREMENT BY 1
    NO MINVALUE
    NO MAXVALUE
    CACHE 1
);


--
-- TOC entry 249 (class 1259 OID 122881)
-- Name: members_passwordresetotp; Type: TABLE; Schema: public; Owner: quantumd
--

CREATE TABLE public.members_passwordresetotp (
    id bigint NOT NULL,
    otp character varying(6) NOT NULL,
    created_at timestamp with time zone NOT NULL,
    is_verified boolean NOT NULL,
    is_used boolean NOT NULL,
    user_id integer NOT NULL
);


ALTER TABLE public.members_passwordresetotp OWNER TO quantumd;

--
-- TOC entry 248 (class 1259 OID 122880)
-- Name: members_passwordresetotp_id_seq; Type: SEQUENCE; Schema: public; Owner: quantumd
--

ALTER TABLE public.members_passwordresetotp ALTER COLUMN id ADD GENERATED BY DEFAULT AS IDENTITY (
    SEQUENCE NAME public.members_passwordresetotp_id_seq
    START WITH 1
    INCREMENT BY 1
    NO MINVALUE
    NO MAXVALUE
    CACHE 1
);


--
-- TOC entry 242 (class 1259 OID 115206)
-- Name: notifications; Type: TABLE; Schema: public; Owner: quantumd
--

CREATE TABLE public.notifications (
    id bigint NOT NULL,
    message text NOT NULL,
    created_at timestamp with time zone NOT NULL,
    status boolean NOT NULL,
    user_id bigint NOT NULL
);


ALTER TABLE public.notifications OWNER TO quantumd;

--
-- TOC entry 241 (class 1259 OID 115205)
-- Name: notifications_id_seq; Type: SEQUENCE; Schema: public; Owner: quantumd
--

ALTER TABLE public.notifications ALTER COLUMN id ADD GENERATED BY DEFAULT AS IDENTITY (
    SEQUENCE NAME public.notifications_id_seq
    START WITH 1
    INCREMENT BY 1
    NO MINVALUE
    NO MAXVALUE
    CACHE 1
);


--
-- TOC entry 235 (class 1259 OID 115173)
-- Name: user_details_id_seq; Type: SEQUENCE; Schema: public; Owner: quantumd
--

ALTER TABLE public.librarian_details ALTER COLUMN id ADD GENERATED BY DEFAULT AS IDENTITY (
    SEQUENCE NAME public.user_details_id_seq
    START WITH 1
    INCREMENT BY 1
    NO MINVALUE
    NO MAXVALUE
    CACHE 1
);


--
-- TOC entry 3647 (class 0 OID 115053)
-- Dependencies: 222
-- Data for Name: auth_group; Type: TABLE DATA; Schema: public; Owner: quantumd
--

COPY public.auth_group (id, name) FROM stdin;
\.


--
-- TOC entry 3649 (class 0 OID 115061)
-- Dependencies: 224
-- Data for Name: auth_group_permissions; Type: TABLE DATA; Schema: public; Owner: quantumd
--

COPY public.auth_group_permissions (id, group_id, permission_id) FROM stdin;
\.


--
-- TOC entry 3645 (class 0 OID 115047)
-- Dependencies: 220
-- Data for Name: auth_permission; Type: TABLE DATA; Schema: public; Owner: quantumd
--

COPY public.auth_permission (id, name, content_type_id, codename) FROM stdin;
1	Can add log entry	1	add_logentry
2	Can change log entry	1	change_logentry
3	Can delete log entry	1	delete_logentry
4	Can view log entry	1	view_logentry
5	Can add permission	3	add_permission
6	Can change permission	3	change_permission
7	Can delete permission	3	delete_permission
8	Can view permission	3	view_permission
9	Can add group	2	add_group
10	Can change group	2	change_group
11	Can delete group	2	delete_group
12	Can view group	2	view_group
13	Can add user	4	add_user
14	Can change user	4	change_user
15	Can delete user	4	delete_user
16	Can view user	4	view_user
17	Can add content type	5	add_contenttype
18	Can change content type	5	change_contenttype
19	Can delete content type	5	delete_contenttype
20	Can view content type	5	view_contenttype
21	Can add session	6	add_session
22	Can change session	6	change_session
23	Can delete session	6	delete_session
24	Can view session	6	view_session
25	Can add book category	7	add_bookcategory
26	Can change book category	7	change_bookcategory
27	Can delete book category	7	delete_bookcategory
28	Can view book category	7	view_bookcategory
29	Can add book details	8	add_bookdetails
30	Can change book details	8	change_bookdetails
31	Can delete book details	8	delete_bookdetails
32	Can view book details	8	view_bookdetails
33	Can add member	12	add_member
34	Can change member	12	change_member
35	Can delete member	12	delete_member
36	Can view member	12	view_member
37	Can add notification record	13	add_notificationrecord
38	Can change notification record	13	change_notificationrecord
39	Can delete notification record	13	delete_notificationrecord
40	Can view notification record	13	view_notificationrecord
41	Can add fine maintanence	9	add_finemaintanence
42	Can change fine maintanence	9	change_finemaintanence
43	Can delete fine maintanence	9	delete_finemaintanence
44	Can view fine maintanence	9	view_finemaintanence
45	Can add librarian	11	add_librarian
46	Can change librarian	11	change_librarian
47	Can delete librarian	11	delete_librarian
48	Can view librarian	11	view_librarian
49	Can add issue maintanence	10	add_issuemaintanence
50	Can change issue maintanence	10	change_issuemaintanence
51	Can delete issue maintanence	10	delete_issuemaintanence
52	Can view issue maintanence	10	view_issuemaintanence
53	Can add password reset otp	14	add_passwordresetotp
54	Can change password reset otp	14	change_passwordresetotp
55	Can delete password reset otp	14	delete_passwordresetotp
56	Can view password reset otp	14	view_passwordresetotp
57	Can add crontab	16	add_crontabschedule
58	Can change crontab	16	change_crontabschedule
59	Can delete crontab	16	delete_crontabschedule
60	Can view crontab	16	view_crontabschedule
61	Can add interval	17	add_intervalschedule
62	Can change interval	17	change_intervalschedule
63	Can delete interval	17	delete_intervalschedule
64	Can view interval	17	view_intervalschedule
65	Can add periodic task	18	add_periodictask
66	Can change periodic task	18	change_periodictask
67	Can delete periodic task	18	delete_periodictask
68	Can view periodic task	18	view_periodictask
69	Can add periodic task track	19	add_periodictasks
70	Can change periodic task track	19	change_periodictasks
71	Can delete periodic task track	19	delete_periodictasks
72	Can view periodic task track	19	view_periodictasks
73	Can add solar event	20	add_solarschedule
74	Can change solar event	20	change_solarschedule
75	Can delete solar event	20	delete_solarschedule
76	Can view solar event	20	view_solarschedule
77	Can add clocked	15	add_clockedschedule
78	Can change clocked	15	change_clockedschedule
79	Can delete clocked	15	delete_clockedschedule
80	Can view clocked	15	view_clockedschedule
\.


--
-- TOC entry 3651 (class 0 OID 115067)
-- Dependencies: 226
-- Data for Name: auth_user; Type: TABLE DATA; Schema: public; Owner: quantumd
--

COPY public.auth_user (id, password, last_login, is_superuser, username, first_name, last_name, email, is_staff, is_active, date_joined) FROM stdin;
2	pbkdf2_sha256$1200000$BQPSZG0OVznNShBWqODgYY$5nQKMYG0uuqfmc7Wdz/AWX75eeFOIU759+9/qe05ogM=	2026-06-12 11:21:22.968808+00	f	hari	Hari	Mondal	hari@gmail.com	t	f	2026-06-12 09:27:04.612491+00
3	pbkdf2_sha256$1200000$kdtcbawW7jBaYWm5wCtKlf$gG8rrpdOEddw99AdzXdmHLDLnr+NdQChrKKhbGZG5bo=	2026-06-13 07:13:38.991727+00	f	ashish	Ashish	Mourya	ashish@gmail.com	t	t	2026-06-12 12:28:26.61884+00
4	pbkdf2_sha256$1200000$W6Q3OmTbpLceHCSEITY7tZ$BbjI4WA4eRAzzCMVyIjA77QLu+abzd8EDFOB8zI25GY=	2026-06-14 09:23:16.282721+00	t	sonu			sonumandal0987@gmail.com	t	t	2026-06-14 06:16:18.756441+00
1	pbkdf2_sha256$1200000$j5liMcPAR6VkoCHh6lYQwY$2FWRDrqfmo4Jyw2DHqOrRWsS0rgqX+CKXfBrDCB2Tnc=	2026-06-14 11:35:49.4741+00	t	test	test	dummy	test@gmail.com	t	t	2026-06-12 07:59:32+00
\.


--
-- TOC entry 3653 (class 0 OID 115075)
-- Dependencies: 228
-- Data for Name: auth_user_groups; Type: TABLE DATA; Schema: public; Owner: quantumd
--

COPY public.auth_user_groups (id, user_id, group_id) FROM stdin;
\.


--
-- TOC entry 3655 (class 0 OID 115081)
-- Dependencies: 230
-- Data for Name: auth_user_user_permissions; Type: TABLE DATA; Schema: public; Owner: quantumd
--

COPY public.auth_user_user_permissions (id, user_id, permission_id) FROM stdin;
\.


--
-- TOC entry 3659 (class 0 OID 115168)
-- Dependencies: 234
-- Data for Name: book_category; Type: TABLE DATA; Schema: public; Owner: quantumd
--

COPY public.book_category (id, choice) FROM stdin;
1	Science Fiction
2	Historical Fiction
3	Historical
4	Biography
5	Love
6	Non Fiction
\.


--
-- TOC entry 3663 (class 0 OID 115186)
-- Dependencies: 238
-- Data for Name: book_details; Type: TABLE DATA; Schema: public; Owner: quantumd
--

COPY public.book_details (id, isbn, title, author, publication_year, total_copies, available_copies, created_at, updated_at, category_id, is_active) FROM stdin;
1	BOO01	Dune	Umberto Eco	1942	30	30	2026-06-12 08:03:52.438211+00	2026-06-12 08:03:52.438221+00	1	t
2	BOO02	Sita Ramam	Telugu	2004	35	35	2026-06-12 08:04:12.878313+00	2026-06-12 08:04:12.878323+00	5	t
3	BOO03	Vivarium	Frank Herbert	2025	35	35	2026-06-12 08:04:35.037139+00	2026-06-12 08:04:35.037148+00	6	t
6	BOO06	The Alchemist	Leo Tolstoy	1914	45	45	2026-06-13 03:10:39.627064+00	2026-06-13 05:10:23.319887+00	4	t
5	BOO05	1984	George Orwell	1947	25	19	2026-06-13 03:02:40.635234+00	2026-06-13 03:02:40.635261+00	4	t
4	BOO04	Tito	Tito	1911	30	30	2026-06-13 03:01:30.313301+00	2026-06-13 14:48:19.941336+00	5	f
\.


--
-- TOC entry 3657 (class 0 OID 115139)
-- Dependencies: 232
-- Data for Name: django_admin_log; Type: TABLE DATA; Schema: public; Owner: quantumd
--

COPY public.django_admin_log (id, action_time, object_id, object_repr, action_flag, change_message, content_type_id, user_id) FROM stdin;
1	2026-06-12 07:59:53.906031+00	1	test	2	[{"changed": {"fields": ["First name", "Last name"]}}]	4	1
2	2026-06-12 08:00:18.647049+00	1	(test) (test) (dummy) (r=test@gmail.com) (6532654587) (Mumbai) (True) (2026-06-12 08:00:18.644948+00:00) (2026-06-12 08:00:18.644958+00:00)	1	[{"added": {}}]	11	1
3	2026-06-14 06:17:11.01983+00	4	(sonu) (sonu) (mondal) (sonumandal0987@gmail.com) (7304465345) (Mumbai) (True) (2026-06-14 06:17:11.015120+00:00) (2026-06-14 06:17:11.015135+00:00)	1	[{"added": {}}]	11	4
\.


--
-- TOC entry 3685 (class 0 OID 131134)
-- Dependencies: 260
-- Data for Name: django_celery_beat_clockedschedule; Type: TABLE DATA; Schema: public; Owner: quantumd
--

COPY public.django_celery_beat_clockedschedule (id, clocked_time) FROM stdin;
\.


--
-- TOC entry 3676 (class 0 OID 131073)
-- Dependencies: 251
-- Data for Name: django_celery_beat_crontabschedule; Type: TABLE DATA; Schema: public; Owner: quantumd
--

COPY public.django_celery_beat_crontabschedule (id, minute, hour, day_of_week, day_of_month, month_of_year, timezone) FROM stdin;
2	0	0	*	*	*	Asia/Kolkata
1	0	4	*	*	*	Asia/Kolkata
\.


--
-- TOC entry 3678 (class 0 OID 131079)
-- Dependencies: 253
-- Data for Name: django_celery_beat_intervalschedule; Type: TABLE DATA; Schema: public; Owner: quantumd
--

COPY public.django_celery_beat_intervalschedule (id, every, period) FROM stdin;
1	30	seconds
\.


--
-- TOC entry 3680 (class 0 OID 131085)
-- Dependencies: 255
-- Data for Name: django_celery_beat_periodictask; Type: TABLE DATA; Schema: public; Owner: quantumd
--

COPY public.django_celery_beat_periodictask (id, name, task, args, kwargs, queue, exchange, routing_key, expires, enabled, last_run_at, total_run_count, date_changed, description, crontab_id, interval_id, solar_id, one_off, start_time, priority, headers, clocked_id, expire_seconds) FROM stdin;
1	celery.backend_cleanup	celery.backend_cleanup	[]	{}	\N	\N	\N	\N	t	\N	0	2026-06-14 11:38:44.523765+00		1	\N	\N	f	\N	\N	{}	\N	43200
2	fine-maintenance-midnight	members.tasks.run_fine_maintenance	[]	{}	\N	\N	\N	\N	t	2026-06-14 11:45:44.96471+00	14	2026-06-14 11:45:56.250355+00		\N	1	\N	f	\N	\N	{}	\N	\N
\.


--
-- TOC entry 3681 (class 0 OID 131095)
-- Dependencies: 256
-- Data for Name: django_celery_beat_periodictasks; Type: TABLE DATA; Schema: public; Owner: quantumd
--

COPY public.django_celery_beat_periodictasks (ident, last_update) FROM stdin;
1	2026-06-14 11:38:44.574084+00
\.


--
-- TOC entry 3683 (class 0 OID 131114)
-- Dependencies: 258
-- Data for Name: django_celery_beat_solarschedule; Type: TABLE DATA; Schema: public; Owner: quantumd
--

COPY public.django_celery_beat_solarschedule (id, event, latitude, longitude) FROM stdin;
\.


--
-- TOC entry 3643 (class 0 OID 115039)
-- Dependencies: 218
-- Data for Name: django_content_type; Type: TABLE DATA; Schema: public; Owner: quantumd
--

COPY public.django_content_type (id, app_label, model) FROM stdin;
1	admin	logentry
2	auth	group
3	auth	permission
4	auth	user
5	contenttypes	contenttype
6	sessions	session
7	members	bookcategory
8	members	bookdetails
9	members	finemaintanence
10	members	issuemaintanence
11	members	librarian
12	members	member
13	members	notificationrecord
14	members	passwordresetotp
15	django_celery_beat	clockedschedule
16	django_celery_beat	crontabschedule
17	django_celery_beat	intervalschedule
18	django_celery_beat	periodictask
19	django_celery_beat	periodictasks
20	django_celery_beat	solarschedule
\.


--
-- TOC entry 3641 (class 0 OID 115031)
-- Dependencies: 216
-- Data for Name: django_migrations; Type: TABLE DATA; Schema: public; Owner: quantumd
--

COPY public.django_migrations (id, app, name, applied) FROM stdin;
1	contenttypes	0001_initial	2026-06-12 07:58:35.968544+00
2	auth	0001_initial	2026-06-12 07:58:36.068018+00
3	admin	0001_initial	2026-06-12 07:58:36.087968+00
4	admin	0002_logentry_remove_auto_add	2026-06-12 07:58:36.092843+00
5	admin	0003_logentry_add_action_flag_choices	2026-06-12 07:58:36.099156+00
6	contenttypes	0002_remove_content_type_name	2026-06-12 07:58:36.111066+00
7	auth	0002_alter_permission_name_max_length	2026-06-12 07:58:36.118115+00
8	auth	0003_alter_user_email_max_length	2026-06-12 07:58:36.12487+00
9	auth	0004_alter_user_username_opts	2026-06-12 07:58:36.131602+00
10	auth	0005_alter_user_last_login_null	2026-06-12 07:58:36.138551+00
11	auth	0006_require_contenttypes_0002	2026-06-12 07:58:36.140121+00
12	auth	0007_alter_validators_add_error_messages	2026-06-12 07:58:36.145119+00
13	auth	0008_alter_user_username_max_length	2026-06-12 07:58:36.155389+00
14	auth	0009_alter_user_last_name_max_length	2026-06-12 07:58:36.161206+00
15	auth	0010_alter_group_name_max_length	2026-06-12 07:58:36.167782+00
16	auth	0011_update_proxy_permissions	2026-06-12 07:58:36.172706+00
17	auth	0012_alter_user_first_name_max_length	2026-06-12 07:58:36.180135+00
18	members	0001_initial	2026-06-12 07:58:36.27531+00
19	members	0002_rename_users_librarian	2026-06-12 07:58:36.288953+00
20	members	0003_alter_librarian_table	2026-06-12 07:58:36.293329+00
21	members	0004_alter_librarian_table	2026-06-12 07:58:36.297594+00
22	members	0005_rename_user_finemaintanence_librarian_and_more	2026-06-12 07:58:36.367563+00
23	members	0006_member_is_shown_alter_member_membership_date	2026-06-12 07:58:36.385352+00
24	members	0007_remove_member_is_shown_librarian_is_shown	2026-06-12 07:58:36.396872+00
26	members	0009_finemaintanence_member_issuemaintanence_member_and_more	2026-06-12 07:58:36.438155+00
27	members	0010_alter_issuemaintanence_return_date	2026-06-12 07:58:36.444106+00
28	members	0011_alter_issuemaintanence_due_date_and_more	2026-06-12 07:58:36.452098+00
29	members	0012_alter_finemaintanence_paid_time	2026-06-12 07:58:36.458119+00
30	members	0013_finemaintanence_books_number_and_more	2026-06-12 07:58:36.472964+00
31	members	0014_alter_finemaintanence_books_number_and_more	2026-06-12 07:58:36.480612+00
32	members	0015_alter_finemaintanence_paid_time	2026-06-12 07:58:36.487938+00
33	members	0016_member_is_expired	2026-06-12 07:58:36.494447+00
34	members	0017_rename_issue_date_issuemaintanence_over_duedate	2026-06-12 07:58:36.501144+00
35	members	0018_rename_over_duedate_issuemaintanence_issue_date_and_more	2026-06-12 07:58:36.512035+00
36	members	0019_alter_finemaintanence_overdue_date	2026-06-12 07:58:36.518832+00
37	members	0020_alter_member_is_expired	2026-06-12 07:58:36.522883+00
38	sessions	0001_initial	2026-06-12 07:58:36.53737+00
39	members	0021_alter_finemaintanence_paid_cost	2026-06-12 08:29:12.764838+00
40	members	0022_alter_finemaintanence_overdue_date	2026-06-12 08:35:23.435184+00
41	members	0023_remove_finemaintanence_paid_cost	2026-06-12 08:39:58.225452+00
42	members	0024_finemaintanence_paid_cost	2026-06-12 08:43:06.610841+00
25	members	0008_bookdetails_is_active	2026-06-12 07:58:36.403492+00
43	members	0025_rename_is_acitve_to_is_active	2026-06-13 04:55:50.331191+00
44	members	0025_rename_name_member_first_name_member_last_name	2026-06-13 08:51:11.187789+00
45	members	0026_finemaintanence_remain_cost	2026-06-13 12:11:29.326699+00
46	members	0027_passwordresetotp	2026-06-14 04:13:00.024184+00
47	django_celery_beat	0001_initial	2026-06-14 11:23:54.792565+00
48	django_celery_beat	0002_auto_20161118_0346	2026-06-14 11:23:54.817699+00
49	django_celery_beat	0003_auto_20161209_0049	2026-06-14 11:23:54.8335+00
50	django_celery_beat	0004_auto_20170221_0000	2026-06-14 11:23:54.840285+00
51	django_celery_beat	0005_add_solarschedule_events_choices	2026-06-14 11:23:54.846781+00
52	django_celery_beat	0006_auto_20180322_0932	2026-06-14 11:23:54.900789+00
53	django_celery_beat	0007_auto_20180521_0826	2026-06-14 11:23:54.928276+00
54	django_celery_beat	0008_auto_20180914_1922	2026-06-14 11:23:54.968901+00
55	django_celery_beat	0006_auto_20180210_1226	2026-06-14 11:23:54.996474+00
56	django_celery_beat	0006_periodictask_priority	2026-06-14 11:23:55.012293+00
57	django_celery_beat	0009_periodictask_headers	2026-06-14 11:23:55.028756+00
58	django_celery_beat	0010_auto_20190429_0326	2026-06-14 11:23:55.262408+00
59	django_celery_beat	0011_auto_20190508_0153	2026-06-14 11:23:55.294669+00
60	django_celery_beat	0012_periodictask_expire_seconds	2026-06-14 11:23:55.308997+00
61	django_celery_beat	0013_auto_20200609_0727	2026-06-14 11:23:55.325765+00
62	django_celery_beat	0014_remove_clockedschedule_enabled	2026-06-14 11:23:55.335186+00
63	django_celery_beat	0015_edit_solarschedule_events_choices	2026-06-14 11:23:55.341865+00
64	django_celery_beat	0016_alter_crontabschedule_timezone	2026-06-14 11:23:55.356874+00
65	django_celery_beat	0017_alter_crontabschedule_month_of_year	2026-06-14 11:23:55.369598+00
66	django_celery_beat	0018_improve_crontab_helptext	2026-06-14 11:23:55.382496+00
67	django_celery_beat	0019_alter_periodictasks_options	2026-06-14 11:23:55.388816+00
\.


--
-- TOC entry 3672 (class 0 OID 115322)
-- Dependencies: 247
-- Data for Name: django_session; Type: TABLE DATA; Schema: public; Owner: quantumd
--

COPY public.django_session (session_key, session_data, expire_date) FROM stdin;
wqbnju3dzx3sd98i7ui53ll8vqpba24g	.eJxVj8sOgjAQRf-la0KY9CG4dO83NDOdQVAshsLK-O-2hhjd3nPvycxTedzWwW9JFj-yOipQ1W9GGG4SC-Arxstchzmuy0h1qdQ7TfV5ZplOe_dPMGAa8to0ZDggUt9YahgCawNMoq12zgI7aqkT5CBG23AAsNBB63rTOugITZaW86BSxRrxLlm6SlozSNtDlu8HubLMU8Gf3CPfx6heb0olTP0:1wXy9w:GaTp94_vjWbJNfbVemN7Dzo8ndw3NQ00cIlOb9f1gV8	2026-06-26 09:26:40.837631+00
vu62a0gvgg2o7uopdl3kyxjt0l6usc41	.eJxVj8sOgjAQRf-la0KY9CG4dO83NDOdQVAshsLK-O-2hhjd3nPvycxTedzWwW9JFj-yOipQ1W9GGG4SC-Arxstchzmuy0h1qdQ7TfV5ZplOe_dPMGAa8to0ZDggUt9YahgCawNMoq12zgI7aqkT5CBG23AAsNBB63rTOugITZaW86BSxRrxLlm6SlozSNtDlu8HubLMU8Gf3CPfx6heb0olTP0:1wXyEO:CEmmCzcRdAZC84E0TLM5b5P6PLUEKb2TXNFxE7yt9xA	2026-06-26 09:31:16.379199+00
ly12icwtw65f9m9yi1sgyzzujpk97zo8	.eJxVj8sOgjAQRf-la0KY9CG4dO83NDOdQVAshsLK-O-2hhjd3nPvycxTedzWwW9JFj-yOipQ1W9GGG4SC-Arxstchzmuy0h1qdQ7TfV5ZplOe_dPMGAa8to0ZDggUt9YahgCawNMoq12zgI7aqkT5CBG23AAsNBB63rTOugITZaW86BSxRrxLlm6SlozSNtDlu8HubLMU8Gf3CPfx6heb0olTP0:1wYj81:81XMJ0qCyKbVfB9S_qPomlLe7BmUpvDGodpvl1j4iT0	2026-06-28 11:35:49.478604+00
\.


--
-- TOC entry 3669 (class 0 OID 115214)
-- Dependencies: 244
-- Data for Name: fine_maintanence; Type: TABLE DATA; Schema: public; Owner: quantumd
--

COPY public.fine_maintanence (id, fine_cost, is_paid, paid_time, created_at, updated_at, book_id, librarian_id, is_return, member_id, books_number, overdue_date, paid_cost, remain_cost) FROM stdin;
12	330	f	\N	2026-06-12 09:01:28.245132+00	2026-06-12 09:01:28.245132+00	1	1	f	1	1	2026-05-10	0	\N
13	280	f	\N	2026-06-12 09:01:28.269735+00	2026-06-12 09:01:28.269735+00	2	1	f	2	1	2026-05-15	0	\N
14	430	f	\N	2026-06-12 09:01:28.275455+00	2026-06-12 09:01:28.275455+00	3	1	f	1	2	2026-04-30	0	\N
15	230	f	\N	2026-06-12 09:01:28.280122+00	2026-06-12 09:01:28.280122+00	1	1	f	2	1	2026-05-20	0	\N
16	70	f	\N	2026-06-12 09:01:28.284889+00	2026-06-12 09:01:28.284889+00	2	1	f	1	1	2026-06-05	0	\N
17	210	f	\N	2026-06-12 09:01:28.290121+00	2026-06-12 09:01:28.290121+00	3	1	f	2	1	2026-05-22	0	\N
18	180	f	\N	2026-06-12 09:01:28.29557+00	2026-06-12 09:01:28.29557+00	1	1	f	1	1	2026-05-25	0	\N
19	110	f	\N	2026-06-12 09:01:28.300548+00	2026-06-12 09:01:28.300548+00	2	1	f	2	1	2026-06-01	0	\N
20	340	f	\N	2026-06-13 11:20:45.362225+00	2026-06-13 11:20:45.362225+00	1	1	f	1	1	2026-05-10	0	\N
21	290	f	\N	2026-06-13 11:20:45.381682+00	2026-06-13 11:20:45.381682+00	2	1	f	2	1	2026-05-15	0	\N
22	440	f	\N	2026-06-13 11:20:45.384203+00	2026-06-13 11:20:45.384203+00	3	1	f	1	2	2026-04-30	0	\N
23	240	f	\N	2026-06-13 11:20:45.386782+00	2026-06-13 11:20:45.386782+00	1	1	f	2	1	2026-05-20	0	\N
25	220	f	\N	2026-06-13 11:20:45.391527+00	2026-06-13 11:20:45.391527+00	3	1	f	2	1	2026-05-22	0	\N
27	120	f	\N	2026-06-13 11:20:45.396078+00	2026-06-13 11:20:45.396078+00	2	1	f	2	1	2026-06-01	0	\N
28	10	f	\N	2026-06-13 11:20:45.397742+00	2026-06-13 11:20:45.397742+00	3	1	f	2	1	2026-06-12	0	\N
30	340	f	\N	2026-06-13 12:33:10.243744+00	2026-06-13 12:33:10.243744+00	1	1	f	1	1	2026-05-10	0	\N
31	290	f	\N	2026-06-13 12:33:10.258899+00	2026-06-13 12:33:10.258899+00	2	1	f	2	1	2026-05-15	0	\N
32	440	f	\N	2026-06-13 12:33:10.262488+00	2026-06-13 12:33:10.262488+00	3	1	f	1	2	2026-04-30	0	\N
33	240	f	\N	2026-06-13 12:33:10.264893+00	2026-06-13 12:33:10.264893+00	1	1	f	2	1	2026-05-20	0	\N
34	80	f	\N	2026-06-13 12:33:10.267076+00	2026-06-13 12:33:10.267076+00	2	1	f	1	1	2026-06-05	0	\N
35	220	f	\N	2026-06-13 12:33:10.269504+00	2026-06-13 12:33:10.269504+00	3	1	f	2	1	2026-05-22	0	\N
37	120	f	\N	2026-06-13 12:33:10.274521+00	2026-06-13 12:33:10.274521+00	2	1	f	2	1	2026-06-01	0	\N
38	10	f	\N	2026-06-13 12:33:10.276713+00	2026-06-13 12:33:10.276713+00	3	1	f	2	1	2026-06-12	0	\N
39	190	t	2026-06-13 13:00:54.069188+00	2026-06-13 13:00:54.069745+00	2026-06-13 13:00:54.069756+00	1	1	f	1	1	2026-06-13	190	\N
40	190	t	2026-06-13 13:01:00.969265+00	2026-06-13 13:01:00.969477+00	2026-06-13 13:01:00.969481+00	1	1	f	1	1	2026-06-13	190	\N
36	190	f	\N	2026-06-13 12:33:10.271535+00	2026-06-13 14:04:28.825067+00	1	1	f	1	1	2026-05-25	110	80
41	350	f	\N	2026-06-14 11:26:27.911207+00	2026-06-14 11:26:27.911207+00	1	1	f	1	1	2026-05-10	0	\N
42	300	f	\N	2026-06-14 11:26:27.971829+00	2026-06-14 11:26:27.971829+00	2	1	f	2	1	2026-05-15	0	\N
43	450	f	\N	2026-06-14 11:26:27.977229+00	2026-06-14 11:26:27.977229+00	3	1	f	1	2	2026-04-30	0	\N
44	250	f	\N	2026-06-14 11:26:27.981952+00	2026-06-14 11:26:27.981952+00	1	1	f	2	1	2026-05-20	0	\N
45	90	f	\N	2026-06-14 11:26:27.986311+00	2026-06-14 11:26:27.986311+00	2	1	f	1	1	2026-06-05	0	\N
46	230	f	\N	2026-06-14 11:26:27.991304+00	2026-06-14 11:26:27.991304+00	3	1	f	2	1	2026-05-22	0	\N
47	200	f	\N	2026-06-14 11:26:27.995829+00	2026-06-14 11:26:27.995829+00	1	1	f	1	1	2026-05-25	0	\N
48	130	f	\N	2026-06-14 11:26:28.00078+00	2026-06-14 11:26:28.00078+00	2	1	f	2	1	2026-06-01	0	\N
49	20	f	\N	2026-06-14 11:26:28.005428+00	2026-06-14 11:26:28.005428+00	3	1	f	2	1	2026-06-12	0	\N
50	10	f	\N	2026-06-14 11:26:28.018415+00	2026-06-14 11:26:28.018415+00	5	1	f	6	5	2026-06-13	0	\N
51	10	f	\N	2026-06-14 11:26:28.025223+00	2026-06-14 11:26:28.025223+00	5	1	f	11	1	2026-06-13	0	\N
52	350	f	\N	2026-06-14 11:29:00.507714+00	2026-06-14 11:29:00.507714+00	1	1	f	1	1	2026-05-10	0	\N
53	300	f	\N	2026-06-14 11:29:00.548662+00	2026-06-14 11:29:00.548662+00	2	1	f	2	1	2026-05-15	0	\N
54	450	f	\N	2026-06-14 11:29:00.555958+00	2026-06-14 11:29:00.555958+00	3	1	f	1	2	2026-04-30	0	\N
55	250	f	\N	2026-06-14 11:29:00.562331+00	2026-06-14 11:29:00.562331+00	1	1	f	2	1	2026-05-20	0	\N
56	90	f	\N	2026-06-14 11:29:00.568196+00	2026-06-14 11:29:00.568196+00	2	1	f	1	1	2026-06-05	0	\N
57	230	f	\N	2026-06-14 11:29:00.573896+00	2026-06-14 11:29:00.573896+00	3	1	f	2	1	2026-05-22	0	\N
58	200	f	\N	2026-06-14 11:29:00.581769+00	2026-06-14 11:29:00.581769+00	1	1	f	1	1	2026-05-25	0	\N
59	130	f	\N	2026-06-14 11:29:00.588473+00	2026-06-14 11:29:00.588473+00	2	1	f	2	1	2026-06-01	0	\N
60	20	f	\N	2026-06-14 11:29:00.595614+00	2026-06-14 11:29:00.595614+00	3	1	f	2	1	2026-06-12	0	\N
61	10	f	\N	2026-06-14 11:29:00.613211+00	2026-06-14 11:29:00.613211+00	5	1	f	6	5	2026-06-13	0	\N
62	10	f	\N	2026-06-14 11:29:00.621454+00	2026-06-14 11:29:00.621454+00	5	1	f	11	1	2026-06-13	0	\N
\.


--
-- TOC entry 3671 (class 0 OID 115272)
-- Dependencies: 246
-- Data for Name: issue_maintanence; Type: TABLE DATA; Schema: public; Owner: quantumd
--

COPY public.issue_maintanence (id, issue_date, due_date, status, created_at, updated_at, book_id, librarian_id, member_id, return_date, books_number) FROM stdin;
1	2026-06-10 00:00:00+00	2026-06-20 00:00:00+00	issued	2026-06-12 08:09:55.715655+00	2026-06-12 08:09:55.715655+00	1	1	1	\N	1
2	2026-05-01 00:00:00+00	2026-05-10 00:00:00+00	overdue	2026-06-12 08:09:55.722502+00	2026-06-12 08:09:55.722502+00	2	1	2	\N	1
3	2026-05-15 00:00:00+00	2026-05-25 00:00:00+00	returned	2026-06-12 08:09:55.724348+00	2026-06-12 08:09:55.724348+00	3	1	1	2026-05-24 00:00:00+00	2
4	2026-04-10 00:00:00+00	2026-04-20 00:00:00+00	overdue	2026-06-12 08:09:55.726384+00	2026-06-12 08:09:55.726384+00	1	1	2	\N	3
5	2026-06-12 00:00:00+00	2026-06-22 00:00:00+00	issued	2026-06-12 08:09:55.728414+00	2026-06-12 08:09:55.728414+00	2	1	1	\N	1
101	2026-05-01 00:00:00+00	2026-05-10 00:00:00+00	issued	2026-06-12 08:13:26.018653+00	2026-06-12 08:13:26.018653+00	1	1	1	\N	1
102	2026-05-05 00:00:00+00	2026-05-15 00:00:00+00	issued	2026-06-12 08:13:26.024232+00	2026-06-12 08:13:26.024232+00	2	1	2	\N	1
103	2026-04-20 00:00:00+00	2026-04-30 00:00:00+00	issued	2026-06-12 08:13:26.02639+00	2026-06-12 08:13:26.02639+00	3	1	1	\N	2
104	2026-05-10 00:00:00+00	2026-05-20 00:00:00+00	issued	2026-06-12 08:13:26.02804+00	2026-06-12 08:13:26.02804+00	1	1	2	\N	1
105	2026-06-01 00:00:00+00	2026-06-05 00:00:00+00	issued	2026-06-12 08:13:26.030085+00	2026-06-12 08:13:26.030085+00	2	1	1	\N	1
106	2026-05-12 00:00:00+00	2026-05-22 00:00:00+00	issued	2026-06-12 08:13:26.031592+00	2026-06-12 08:13:26.031592+00	3	1	2	\N	1
107	2026-05-18 00:00:00+00	2026-05-25 00:00:00+00	issued	2026-06-12 08:13:26.033813+00	2026-06-12 08:13:26.033813+00	1	1	1	\N	1
108	2026-05-20 00:00:00+00	2026-06-01 00:00:00+00	issued	2026-06-12 08:13:26.035176+00	2026-06-12 08:13:26.035176+00	2	1	2	\N	1
109	2026-06-10 00:00:00+00	2026-06-20 00:00:00+00	issued	2026-06-12 08:13:30.800181+00	2026-06-12 08:13:30.800181+00	1	1	1	\N	1
110	2026-06-11 00:00:00+00	2026-06-18 00:00:00+00	issued	2026-06-12 08:13:30.801618+00	2026-06-12 08:13:30.801618+00	2	1	2	\N	1
111	2026-04-01 00:00:00+00	2026-04-10 00:00:00+00	returned	2026-06-12 08:13:35.336672+00	2026-06-12 08:13:35.336672+00	3	1	1	2026-04-09 00:00:00+00	1
112	2026-05-01 00:00:00+00	2026-05-10 00:00:00+00	returned	2026-06-12 08:13:35.338279+00	2026-06-12 08:13:35.338279+00	1	1	2	2026-05-09 00:00:00+00	1
113	2026-05-15 00:00:00+00	2026-05-25 00:00:00+00	returned	2026-06-12 08:13:35.339452+00	2026-06-12 08:13:35.339452+00	2	1	1	2026-05-24 00:00:00+00	1
114	2026-06-12 00:00:00+00	2026-06-12 00:00:00+00	issued	2026-06-12 08:13:40.120807+00	2026-06-12 08:13:40.120807+00	3	1	2	\N	1
115	2026-05-01 00:00:00+00	2026-05-10 00:00:00+00	overdue	2026-06-12 08:13:40.122426+00	2026-06-12 08:13:40.122426+00	2	1	1	\N	1
6	2026-06-13 00:00:00+00	2026-06-13 00:00:00+00	issued	2026-06-13 05:21:20.274298+00	2026-06-13 05:21:20.274335+00	5	1	6	\N	5
7	2026-06-13 00:00:00+00	2026-06-13 00:00:00+00	issued	2026-06-13 05:22:33.7553+00	2026-06-13 05:22:33.755317+00	5	1	11	\N	1
\.


--
-- TOC entry 3661 (class 0 OID 115174)
-- Dependencies: 236
-- Data for Name: librarian_details; Type: TABLE DATA; Schema: public; Owner: quantumd
--

COPY public.librarian_details (id, username, password, name, surname, email, phone_number, address, is_active, created_at, updated_at, is_shown) FROM stdin;
3	ashish	5112	Ashish	Mourya	ashish@gmail.com	6325412587	Uttar Pradesh	t	2026-06-12 12:28:27.215816+00	2026-06-12 15:41:26.926804+00	t
1	test	5112	Test	Dummy	r=test@gmail.com	6532654587	Mumbai	t	2026-06-12 08:00:18.644948+00	2026-06-13 01:46:18.20716+00	t
2	hari	2525	Hari	Mondal	hari@gmail.com	7612365487	Mumbai	f	2026-06-12 09:27:05.208112+00	2026-06-13 02:25:38.201392+00	t
4	sonu	admlqq	sonu	mondal	sonumandal0987@gmail.com	7304465345	Mumbai	t	2026-06-14 06:17:11.01512+00	2026-06-14 09:17:19.008829+00	t
\.


--
-- TOC entry 3665 (class 0 OID 115196)
-- Dependencies: 240
-- Data for Name: member_detail; Type: TABLE DATA; Schema: public; Owner: quantumd
--

COPY public.member_detail (id, first_name, email, phone_number, address, membership_date, is_active, created_at, updated_at, is_expired, last_name) FROM stdin;
2	Shraddha	shraddha@gmail.com	6598745125	Mumbai	2026-06-30	f	2026-06-12 08:01:29.276692+00	2026-06-12 15:50:08.477539+00	f	\N
3	Shyamali	shtamali@gmail.com	5412541254	West Bengal	2026-06-13	t	2026-06-13 02:27:24.935439+00	2026-06-13 02:27:24.935453+00	f	\N
4	Krishna	krishna@gmail.com	5412545451	Mumbai	2026-06-13	t	2026-06-13 02:28:41.026782+00	2026-06-13 02:28:41.026798+00	f	\N
5	Maya	maya@gmail.com	5412547845	Mumbai	2026-06-13	t	2026-06-13 02:30:14.310339+00	2026-06-13 02:30:14.310363+00	f	\N
6	Anu	anu@gmail.com	7545874589	Wb	2026-06-13	t	2026-06-13 02:33:05.492748+00	2026-06-13 02:33:05.492765+00	f	\N
7	Arun	arun@gmail.com	5456987458	Wb	2026-06-13	t	2026-06-13 02:36:20.715341+00	2026-06-13 02:36:20.715356+00	f	\N
8	Ria	ria@gmail.com	7845874587	Mumbai	2026-06-13	t	2026-06-13 02:37:05.112433+00	2026-06-13 02:37:05.112449+00	f	\N
10	Sanat	sanat@gmail.com	5456987897	Wb	2026-06-13	t	2026-06-13 02:43:50.314489+00	2026-06-13 02:43:50.314506+00	f	\N
11	Souman	souman@gmail.com	5478789878	Wb	2026-06-13	t	2026-06-13 02:44:26.820895+00	2026-06-13 02:44:26.820911+00	f	\N
1	Rakshita	rakshita@gmail.com	6532154587	mumbai	2026-06-13	t	2026-06-12 08:01:12.12936+00	2026-06-13 02:52:31.648722+00	f	\N
12	Ranjan	ranjan@gmail.com	6547845896	Up	2026-06-13	t	2026-06-13 09:05:38.123078+00	2026-06-13 09:15:16.767324+00	f	Pandey
9	Sandi	sandi@gmail.com	7845896589	Goragoan	2026-06-13	f	2026-06-13 02:42:24.325993+00	2026-06-13 14:48:08.069318+00	f	\N
\.


--
-- TOC entry 3674 (class 0 OID 122881)
-- Dependencies: 249
-- Data for Name: members_passwordresetotp; Type: TABLE DATA; Schema: public; Owner: quantumd
--

COPY public.members_passwordresetotp (id, otp, created_at, is_verified, is_used, user_id) FROM stdin;
5	637424	2026-06-14 06:10:31.942627+00	f	f	1
\.


--
-- TOC entry 3667 (class 0 OID 115206)
-- Dependencies: 242
-- Data for Name: notifications; Type: TABLE DATA; Schema: public; Owner: quantumd
--

COPY public.notifications (id, message, created_at, status, user_id) FROM stdin;
\.


--
-- TOC entry 3691 (class 0 OID 0)
-- Dependencies: 221
-- Name: auth_group_id_seq; Type: SEQUENCE SET; Schema: public; Owner: quantumd
--

SELECT pg_catalog.setval('public.auth_group_id_seq', 1, false);


--
-- TOC entry 3692 (class 0 OID 0)
-- Dependencies: 223
-- Name: auth_group_permissions_id_seq; Type: SEQUENCE SET; Schema: public; Owner: quantumd
--

SELECT pg_catalog.setval('public.auth_group_permissions_id_seq', 1, false);


--
-- TOC entry 3693 (class 0 OID 0)
-- Dependencies: 219
-- Name: auth_permission_id_seq; Type: SEQUENCE SET; Schema: public; Owner: quantumd
--

SELECT pg_catalog.setval('public.auth_permission_id_seq', 80, true);


--
-- TOC entry 3694 (class 0 OID 0)
-- Dependencies: 227
-- Name: auth_user_groups_id_seq; Type: SEQUENCE SET; Schema: public; Owner: quantumd
--

SELECT pg_catalog.setval('public.auth_user_groups_id_seq', 1, false);


--
-- TOC entry 3695 (class 0 OID 0)
-- Dependencies: 225
-- Name: auth_user_id_seq; Type: SEQUENCE SET; Schema: public; Owner: quantumd
--

SELECT pg_catalog.setval('public.auth_user_id_seq', 4, true);


--
-- TOC entry 3696 (class 0 OID 0)
-- Dependencies: 229
-- Name: auth_user_user_permissions_id_seq; Type: SEQUENCE SET; Schema: public; Owner: quantumd
--

SELECT pg_catalog.setval('public.auth_user_user_permissions_id_seq', 1, false);


--
-- TOC entry 3697 (class 0 OID 0)
-- Dependencies: 233
-- Name: book_category_id_seq; Type: SEQUENCE SET; Schema: public; Owner: quantumd
--

SELECT pg_catalog.setval('public.book_category_id_seq', 6, true);


--
-- TOC entry 3698 (class 0 OID 0)
-- Dependencies: 237
-- Name: book_details_id_seq; Type: SEQUENCE SET; Schema: public; Owner: quantumd
--

SELECT pg_catalog.setval('public.book_details_id_seq', 6, true);


--
-- TOC entry 3699 (class 0 OID 0)
-- Dependencies: 231
-- Name: django_admin_log_id_seq; Type: SEQUENCE SET; Schema: public; Owner: quantumd
--

SELECT pg_catalog.setval('public.django_admin_log_id_seq', 3, true);


--
-- TOC entry 3700 (class 0 OID 0)
-- Dependencies: 259
-- Name: django_celery_beat_clockedschedule_id_seq; Type: SEQUENCE SET; Schema: public; Owner: quantumd
--

SELECT pg_catalog.setval('public.django_celery_beat_clockedschedule_id_seq', 1, false);


--
-- TOC entry 3701 (class 0 OID 0)
-- Dependencies: 250
-- Name: django_celery_beat_crontabschedule_id_seq; Type: SEQUENCE SET; Schema: public; Owner: quantumd
--

SELECT pg_catalog.setval('public.django_celery_beat_crontabschedule_id_seq', 2, true);


--
-- TOC entry 3702 (class 0 OID 0)
-- Dependencies: 252
-- Name: django_celery_beat_intervalschedule_id_seq; Type: SEQUENCE SET; Schema: public; Owner: quantumd
--

SELECT pg_catalog.setval('public.django_celery_beat_intervalschedule_id_seq', 1, true);


--
-- TOC entry 3703 (class 0 OID 0)
-- Dependencies: 254
-- Name: django_celery_beat_periodictask_id_seq; Type: SEQUENCE SET; Schema: public; Owner: quantumd
--

SELECT pg_catalog.setval('public.django_celery_beat_periodictask_id_seq', 2, true);


--
-- TOC entry 3704 (class 0 OID 0)
-- Dependencies: 257
-- Name: django_celery_beat_solarschedule_id_seq; Type: SEQUENCE SET; Schema: public; Owner: quantumd
--

SELECT pg_catalog.setval('public.django_celery_beat_solarschedule_id_seq', 1, false);


--
-- TOC entry 3705 (class 0 OID 0)
-- Dependencies: 217
-- Name: django_content_type_id_seq; Type: SEQUENCE SET; Schema: public; Owner: quantumd
--

SELECT pg_catalog.setval('public.django_content_type_id_seq', 20, true);


--
-- TOC entry 3706 (class 0 OID 0)
-- Dependencies: 215
-- Name: django_migrations_id_seq; Type: SEQUENCE SET; Schema: public; Owner: quantumd
--

SELECT pg_catalog.setval('public.django_migrations_id_seq', 67, true);


--
-- TOC entry 3707 (class 0 OID 0)
-- Dependencies: 243
-- Name: fine_maintanence_id_seq; Type: SEQUENCE SET; Schema: public; Owner: quantumd
--

SELECT pg_catalog.setval('public.fine_maintanence_id_seq', 62, true);


--
-- TOC entry 3708 (class 0 OID 0)
-- Dependencies: 245
-- Name: issue_maintanence_id_seq; Type: SEQUENCE SET; Schema: public; Owner: quantumd
--

SELECT pg_catalog.setval('public.issue_maintanence_id_seq', 7, true);


--
-- TOC entry 3709 (class 0 OID 0)
-- Dependencies: 239
-- Name: member_detail_id_seq; Type: SEQUENCE SET; Schema: public; Owner: quantumd
--

SELECT pg_catalog.setval('public.member_detail_id_seq', 12, true);


--
-- TOC entry 3710 (class 0 OID 0)
-- Dependencies: 248
-- Name: members_passwordresetotp_id_seq; Type: SEQUENCE SET; Schema: public; Owner: quantumd
--

SELECT pg_catalog.setval('public.members_passwordresetotp_id_seq', 34, true);


--
-- TOC entry 3711 (class 0 OID 0)
-- Dependencies: 241
-- Name: notifications_id_seq; Type: SEQUENCE SET; Schema: public; Owner: quantumd
--

SELECT pg_catalog.setval('public.notifications_id_seq', 1, false);


--
-- TOC entry 3712 (class 0 OID 0)
-- Dependencies: 235
-- Name: user_details_id_seq; Type: SEQUENCE SET; Schema: public; Owner: quantumd
--

SELECT pg_catalog.setval('public.user_details_id_seq', 4, true);


--
-- TOC entry 3377 (class 2606 OID 115165)
-- Name: auth_group auth_group_name_key; Type: CONSTRAINT; Schema: public; Owner: quantumd
--

ALTER TABLE ONLY public.auth_group
    ADD CONSTRAINT auth_group_name_key UNIQUE (name);


--
-- TOC entry 3382 (class 2606 OID 115096)
-- Name: auth_group_permissions auth_group_permissions_group_id_permission_id_0cd325b0_uniq; Type: CONSTRAINT; Schema: public; Owner: quantumd
--

ALTER TABLE ONLY public.auth_group_permissions
    ADD CONSTRAINT auth_group_permissions_group_id_permission_id_0cd325b0_uniq UNIQUE (group_id, permission_id);


--
-- TOC entry 3385 (class 2606 OID 115065)
-- Name: auth_group_permissions auth_group_permissions_pkey; Type: CONSTRAINT; Schema: public; Owner: quantumd
--

ALTER TABLE ONLY public.auth_group_permissions
    ADD CONSTRAINT auth_group_permissions_pkey PRIMARY KEY (id);


--
-- TOC entry 3379 (class 2606 OID 115057)
-- Name: auth_group auth_group_pkey; Type: CONSTRAINT; Schema: public; Owner: quantumd
--

ALTER TABLE ONLY public.auth_group
    ADD CONSTRAINT auth_group_pkey PRIMARY KEY (id);


--
-- TOC entry 3372 (class 2606 OID 115087)
-- Name: auth_permission auth_permission_content_type_id_codename_01ab375a_uniq; Type: CONSTRAINT; Schema: public; Owner: quantumd
--

ALTER TABLE ONLY public.auth_permission
    ADD CONSTRAINT auth_permission_content_type_id_codename_01ab375a_uniq UNIQUE (content_type_id, codename);


--
-- TOC entry 3374 (class 2606 OID 115051)
-- Name: auth_permission auth_permission_pkey; Type: CONSTRAINT; Schema: public; Owner: quantumd
--

ALTER TABLE ONLY public.auth_permission
    ADD CONSTRAINT auth_permission_pkey PRIMARY KEY (id);


--
-- TOC entry 3393 (class 2606 OID 115079)
-- Name: auth_user_groups auth_user_groups_pkey; Type: CONSTRAINT; Schema: public; Owner: quantumd
--

ALTER TABLE ONLY public.auth_user_groups
    ADD CONSTRAINT auth_user_groups_pkey PRIMARY KEY (id);


--
-- TOC entry 3396 (class 2606 OID 115111)
-- Name: auth_user_groups auth_user_groups_user_id_group_id_94350c0c_uniq; Type: CONSTRAINT; Schema: public; Owner: quantumd
--

ALTER TABLE ONLY public.auth_user_groups
    ADD CONSTRAINT auth_user_groups_user_id_group_id_94350c0c_uniq UNIQUE (user_id, group_id);


--
-- TOC entry 3387 (class 2606 OID 115071)
-- Name: auth_user auth_user_pkey; Type: CONSTRAINT; Schema: public; Owner: quantumd
--

ALTER TABLE ONLY public.auth_user
    ADD CONSTRAINT auth_user_pkey PRIMARY KEY (id);


--
-- TOC entry 3399 (class 2606 OID 115085)
-- Name: auth_user_user_permissions auth_user_user_permissions_pkey; Type: CONSTRAINT; Schema: public; Owner: quantumd
--

ALTER TABLE ONLY public.auth_user_user_permissions
    ADD CONSTRAINT auth_user_user_permissions_pkey PRIMARY KEY (id);


--
-- TOC entry 3402 (class 2606 OID 115125)
-- Name: auth_user_user_permissions auth_user_user_permissions_user_id_permission_id_14a6b632_uniq; Type: CONSTRAINT; Schema: public; Owner: quantumd
--

ALTER TABLE ONLY public.auth_user_user_permissions
    ADD CONSTRAINT auth_user_user_permissions_user_id_permission_id_14a6b632_uniq UNIQUE (user_id, permission_id);


--
-- TOC entry 3390 (class 2606 OID 115160)
-- Name: auth_user auth_user_username_key; Type: CONSTRAINT; Schema: public; Owner: quantumd
--

ALTER TABLE ONLY public.auth_user
    ADD CONSTRAINT auth_user_username_key UNIQUE (username);


--
-- TOC entry 3409 (class 2606 OID 115266)
-- Name: book_category book_category_choice_a4c6ef15_uniq; Type: CONSTRAINT; Schema: public; Owner: quantumd
--

ALTER TABLE ONLY public.book_category
    ADD CONSTRAINT book_category_choice_a4c6ef15_uniq UNIQUE (choice);


--
-- TOC entry 3411 (class 2606 OID 115172)
-- Name: book_category book_category_pkey; Type: CONSTRAINT; Schema: public; Owner: quantumd
--

ALTER TABLE ONLY public.book_category
    ADD CONSTRAINT book_category_pkey PRIMARY KEY (id);


--
-- TOC entry 3423 (class 2606 OID 115194)
-- Name: book_details book_details_isbn_key; Type: CONSTRAINT; Schema: public; Owner: quantumd
--

ALTER TABLE ONLY public.book_details
    ADD CONSTRAINT book_details_isbn_key UNIQUE (isbn);


--
-- TOC entry 3425 (class 2606 OID 115192)
-- Name: book_details book_details_pkey; Type: CONSTRAINT; Schema: public; Owner: quantumd
--

ALTER TABLE ONLY public.book_details
    ADD CONSTRAINT book_details_pkey PRIMARY KEY (id);


--
-- TOC entry 3428 (class 2606 OID 115269)
-- Name: book_details book_details_title_51331f11_uniq; Type: CONSTRAINT; Schema: public; Owner: quantumd
--

ALTER TABLE ONLY public.book_details
    ADD CONSTRAINT book_details_title_51331f11_uniq UNIQUE (title);


--
-- TOC entry 3405 (class 2606 OID 115146)
-- Name: django_admin_log django_admin_log_pkey; Type: CONSTRAINT; Schema: public; Owner: quantumd
--

ALTER TABLE ONLY public.django_admin_log
    ADD CONSTRAINT django_admin_log_pkey PRIMARY KEY (id);


--
-- TOC entry 3474 (class 2606 OID 131138)
-- Name: django_celery_beat_clockedschedule django_celery_beat_clockedschedule_pkey; Type: CONSTRAINT; Schema: public; Owner: quantumd
--

ALTER TABLE ONLY public.django_celery_beat_clockedschedule
    ADD CONSTRAINT django_celery_beat_clockedschedule_pkey PRIMARY KEY (id);


--
-- TOC entry 3455 (class 2606 OID 131077)
-- Name: django_celery_beat_crontabschedule django_celery_beat_crontabschedule_pkey; Type: CONSTRAINT; Schema: public; Owner: quantumd
--

ALTER TABLE ONLY public.django_celery_beat_crontabschedule
    ADD CONSTRAINT django_celery_beat_crontabschedule_pkey PRIMARY KEY (id);


--
-- TOC entry 3457 (class 2606 OID 131083)
-- Name: django_celery_beat_intervalschedule django_celery_beat_intervalschedule_pkey; Type: CONSTRAINT; Schema: public; Owner: quantumd
--

ALTER TABLE ONLY public.django_celery_beat_intervalschedule
    ADD CONSTRAINT django_celery_beat_intervalschedule_pkey PRIMARY KEY (id);


--
-- TOC entry 3463 (class 2606 OID 131094)
-- Name: django_celery_beat_periodictask django_celery_beat_periodictask_name_key; Type: CONSTRAINT; Schema: public; Owner: quantumd
--

ALTER TABLE ONLY public.django_celery_beat_periodictask
    ADD CONSTRAINT django_celery_beat_periodictask_name_key UNIQUE (name);


--
-- TOC entry 3465 (class 2606 OID 131092)
-- Name: django_celery_beat_periodictask django_celery_beat_periodictask_pkey; Type: CONSTRAINT; Schema: public; Owner: quantumd
--

ALTER TABLE ONLY public.django_celery_beat_periodictask
    ADD CONSTRAINT django_celery_beat_periodictask_pkey PRIMARY KEY (id);


--
-- TOC entry 3468 (class 2606 OID 131099)
-- Name: django_celery_beat_periodictasks django_celery_beat_periodictasks_pkey; Type: CONSTRAINT; Schema: public; Owner: quantumd
--

ALTER TABLE ONLY public.django_celery_beat_periodictasks
    ADD CONSTRAINT django_celery_beat_periodictasks_pkey PRIMARY KEY (ident);


--
-- TOC entry 3470 (class 2606 OID 131126)
-- Name: django_celery_beat_solarschedule django_celery_beat_solar_event_latitude_longitude_ba64999a_uniq; Type: CONSTRAINT; Schema: public; Owner: quantumd
--

ALTER TABLE ONLY public.django_celery_beat_solarschedule
    ADD CONSTRAINT django_celery_beat_solar_event_latitude_longitude_ba64999a_uniq UNIQUE (event, latitude, longitude);


--
-- TOC entry 3472 (class 2606 OID 131118)
-- Name: django_celery_beat_solarschedule django_celery_beat_solarschedule_pkey; Type: CONSTRAINT; Schema: public; Owner: quantumd
--

ALTER TABLE ONLY public.django_celery_beat_solarschedule
    ADD CONSTRAINT django_celery_beat_solarschedule_pkey PRIMARY KEY (id);


--
-- TOC entry 3367 (class 2606 OID 115045)
-- Name: django_content_type django_content_type_app_label_model_76bd3d3b_uniq; Type: CONSTRAINT; Schema: public; Owner: quantumd
--

ALTER TABLE ONLY public.django_content_type
    ADD CONSTRAINT django_content_type_app_label_model_76bd3d3b_uniq UNIQUE (app_label, model);


--
-- TOC entry 3369 (class 2606 OID 115043)
-- Name: django_content_type django_content_type_pkey; Type: CONSTRAINT; Schema: public; Owner: quantumd
--

ALTER TABLE ONLY public.django_content_type
    ADD CONSTRAINT django_content_type_pkey PRIMARY KEY (id);


--
-- TOC entry 3365 (class 2606 OID 115037)
-- Name: django_migrations django_migrations_pkey; Type: CONSTRAINT; Schema: public; Owner: quantumd
--

ALTER TABLE ONLY public.django_migrations
    ADD CONSTRAINT django_migrations_pkey PRIMARY KEY (id);


--
-- TOC entry 3449 (class 2606 OID 115328)
-- Name: django_session django_session_pkey; Type: CONSTRAINT; Schema: public; Owner: quantumd
--

ALTER TABLE ONLY public.django_session
    ADD CONSTRAINT django_session_pkey PRIMARY KEY (session_key);


--
-- TOC entry 3440 (class 2606 OID 115218)
-- Name: fine_maintanence fine_maintanence_pkey; Type: CONSTRAINT; Schema: public; Owner: quantumd
--

ALTER TABLE ONLY public.fine_maintanence
    ADD CONSTRAINT fine_maintanence_pkey PRIMARY KEY (id);


--
-- TOC entry 3446 (class 2606 OID 115276)
-- Name: issue_maintanence issue_maintanence_pkey; Type: CONSTRAINT; Schema: public; Owner: quantumd
--

ALTER TABLE ONLY public.issue_maintanence
    ADD CONSTRAINT issue_maintanence_pkey PRIMARY KEY (id);


--
-- TOC entry 3431 (class 2606 OID 115204)
-- Name: member_detail member_detail_email_key; Type: CONSTRAINT; Schema: public; Owner: quantumd
--

ALTER TABLE ONLY public.member_detail
    ADD CONSTRAINT member_detail_email_key UNIQUE (email);


--
-- TOC entry 3433 (class 2606 OID 115202)
-- Name: member_detail member_detail_pkey; Type: CONSTRAINT; Schema: public; Owner: quantumd
--

ALTER TABLE ONLY public.member_detail
    ADD CONSTRAINT member_detail_pkey PRIMARY KEY (id);


--
-- TOC entry 3452 (class 2606 OID 122885)
-- Name: members_passwordresetotp members_passwordresetotp_pkey; Type: CONSTRAINT; Schema: public; Owner: quantumd
--

ALTER TABLE ONLY public.members_passwordresetotp
    ADD CONSTRAINT members_passwordresetotp_pkey PRIMARY KEY (id);


--
-- TOC entry 3435 (class 2606 OID 115212)
-- Name: notifications notifications_pkey; Type: CONSTRAINT; Schema: public; Owner: quantumd
--

ALTER TABLE ONLY public.notifications
    ADD CONSTRAINT notifications_pkey PRIMARY KEY (id);


--
-- TOC entry 3414 (class 2606 OID 115184)
-- Name: librarian_details user_details_email_key; Type: CONSTRAINT; Schema: public; Owner: quantumd
--

ALTER TABLE ONLY public.librarian_details
    ADD CONSTRAINT user_details_email_key UNIQUE (email);


--
-- TOC entry 3416 (class 2606 OID 115180)
-- Name: librarian_details user_details_pkey; Type: CONSTRAINT; Schema: public; Owner: quantumd
--

ALTER TABLE ONLY public.librarian_details
    ADD CONSTRAINT user_details_pkey PRIMARY KEY (id);


--
-- TOC entry 3419 (class 2606 OID 115182)
-- Name: librarian_details user_details_username_key; Type: CONSTRAINT; Schema: public; Owner: quantumd
--

ALTER TABLE ONLY public.librarian_details
    ADD CONSTRAINT user_details_username_key UNIQUE (username);


--
-- TOC entry 3375 (class 1259 OID 115166)
-- Name: auth_group_name_a6ea08ec_like; Type: INDEX; Schema: public; Owner: quantumd
--

CREATE INDEX auth_group_name_a6ea08ec_like ON public.auth_group USING btree (name varchar_pattern_ops);


--
-- TOC entry 3380 (class 1259 OID 115107)
-- Name: auth_group_permissions_group_id_b120cbf9; Type: INDEX; Schema: public; Owner: quantumd
--

CREATE INDEX auth_group_permissions_group_id_b120cbf9 ON public.auth_group_permissions USING btree (group_id);


--
-- TOC entry 3383 (class 1259 OID 115108)
-- Name: auth_group_permissions_permission_id_84c5c92e; Type: INDEX; Schema: public; Owner: quantumd
--

CREATE INDEX auth_group_permissions_permission_id_84c5c92e ON public.auth_group_permissions USING btree (permission_id);


--
-- TOC entry 3370 (class 1259 OID 115093)
-- Name: auth_permission_content_type_id_2f476e4b; Type: INDEX; Schema: public; Owner: quantumd
--

CREATE INDEX auth_permission_content_type_id_2f476e4b ON public.auth_permission USING btree (content_type_id);


--
-- TOC entry 3391 (class 1259 OID 115123)
-- Name: auth_user_groups_group_id_97559544; Type: INDEX; Schema: public; Owner: quantumd
--

CREATE INDEX auth_user_groups_group_id_97559544 ON public.auth_user_groups USING btree (group_id);


--
-- TOC entry 3394 (class 1259 OID 115122)
-- Name: auth_user_groups_user_id_6a12ed8b; Type: INDEX; Schema: public; Owner: quantumd
--

CREATE INDEX auth_user_groups_user_id_6a12ed8b ON public.auth_user_groups USING btree (user_id);


--
-- TOC entry 3397 (class 1259 OID 115137)
-- Name: auth_user_user_permissions_permission_id_1fbb5f2c; Type: INDEX; Schema: public; Owner: quantumd
--

CREATE INDEX auth_user_user_permissions_permission_id_1fbb5f2c ON public.auth_user_user_permissions USING btree (permission_id);


--
-- TOC entry 3400 (class 1259 OID 115136)
-- Name: auth_user_user_permissions_user_id_a95ead1b; Type: INDEX; Schema: public; Owner: quantumd
--

CREATE INDEX auth_user_user_permissions_user_id_a95ead1b ON public.auth_user_user_permissions USING btree (user_id);


--
-- TOC entry 3388 (class 1259 OID 115161)
-- Name: auth_user_username_6821ab7c_like; Type: INDEX; Schema: public; Owner: quantumd
--

CREATE INDEX auth_user_username_6821ab7c_like ON public.auth_user USING btree (username varchar_pattern_ops);


--
-- TOC entry 3407 (class 1259 OID 115267)
-- Name: book_category_choice_a4c6ef15_like; Type: INDEX; Schema: public; Owner: quantumd
--

CREATE INDEX book_category_choice_a4c6ef15_like ON public.book_category USING btree (choice varchar_pattern_ops);


--
-- TOC entry 3420 (class 1259 OID 115227)
-- Name: book_details_category_id_c5cfb175; Type: INDEX; Schema: public; Owner: quantumd
--

CREATE INDEX book_details_category_id_c5cfb175 ON public.book_details USING btree (category_id);


--
-- TOC entry 3421 (class 1259 OID 115226)
-- Name: book_details_isbn_91c65844_like; Type: INDEX; Schema: public; Owner: quantumd
--

CREATE INDEX book_details_isbn_91c65844_like ON public.book_details USING btree (isbn varchar_pattern_ops);


--
-- TOC entry 3426 (class 1259 OID 115270)
-- Name: book_details_title_51331f11_like; Type: INDEX; Schema: public; Owner: quantumd
--

CREATE INDEX book_details_title_51331f11_like ON public.book_details USING btree (title varchar_pattern_ops);


--
-- TOC entry 3403 (class 1259 OID 115157)
-- Name: django_admin_log_content_type_id_c4bce8eb; Type: INDEX; Schema: public; Owner: quantumd
--

CREATE INDEX django_admin_log_content_type_id_c4bce8eb ON public.django_admin_log USING btree (content_type_id);


--
-- TOC entry 3406 (class 1259 OID 115158)
-- Name: django_admin_log_user_id_c564eba6; Type: INDEX; Schema: public; Owner: quantumd
--

CREATE INDEX django_admin_log_user_id_c564eba6 ON public.django_admin_log USING btree (user_id);


--
-- TOC entry 3458 (class 1259 OID 131144)
-- Name: django_celery_beat_periodictask_clocked_id_47a69f82; Type: INDEX; Schema: public; Owner: quantumd
--

CREATE INDEX django_celery_beat_periodictask_clocked_id_47a69f82 ON public.django_celery_beat_periodictask USING btree (clocked_id);


--
-- TOC entry 3459 (class 1259 OID 131111)
-- Name: django_celery_beat_periodictask_crontab_id_d3cba168; Type: INDEX; Schema: public; Owner: quantumd
--

CREATE INDEX django_celery_beat_periodictask_crontab_id_d3cba168 ON public.django_celery_beat_periodictask USING btree (crontab_id);


--
-- TOC entry 3460 (class 1259 OID 131112)
-- Name: django_celery_beat_periodictask_interval_id_a8ca27da; Type: INDEX; Schema: public; Owner: quantumd
--

CREATE INDEX django_celery_beat_periodictask_interval_id_a8ca27da ON public.django_celery_beat_periodictask USING btree (interval_id);


--
-- TOC entry 3461 (class 1259 OID 131110)
-- Name: django_celery_beat_periodictask_name_265a36b7_like; Type: INDEX; Schema: public; Owner: quantumd
--

CREATE INDEX django_celery_beat_periodictask_name_265a36b7_like ON public.django_celery_beat_periodictask USING btree (name varchar_pattern_ops);


--
-- TOC entry 3466 (class 1259 OID 131124)
-- Name: django_celery_beat_periodictask_solar_id_a87ce72c; Type: INDEX; Schema: public; Owner: quantumd
--

CREATE INDEX django_celery_beat_periodictask_solar_id_a87ce72c ON public.django_celery_beat_periodictask USING btree (solar_id);


--
-- TOC entry 3447 (class 1259 OID 115330)
-- Name: django_session_expire_date_a5c62663; Type: INDEX; Schema: public; Owner: quantumd
--

CREATE INDEX django_session_expire_date_a5c62663 ON public.django_session USING btree (expire_date);


--
-- TOC entry 3450 (class 1259 OID 115329)
-- Name: django_session_session_key_c0390e0f_like; Type: INDEX; Schema: public; Owner: quantumd
--

CREATE INDEX django_session_session_key_c0390e0f_like ON public.django_session USING btree (session_key varchar_pattern_ops);


--
-- TOC entry 3437 (class 1259 OID 115257)
-- Name: fine_maintanence_book_id_c8a3f081; Type: INDEX; Schema: public; Owner: quantumd
--

CREATE INDEX fine_maintanence_book_id_c8a3f081 ON public.fine_maintanence USING btree (book_id);


--
-- TOC entry 3438 (class 1259 OID 115317)
-- Name: fine_maintanence_member_id_fe4a5db5; Type: INDEX; Schema: public; Owner: quantumd
--

CREATE INDEX fine_maintanence_member_id_fe4a5db5 ON public.fine_maintanence USING btree (member_id);


--
-- TOC entry 3441 (class 1259 OID 115258)
-- Name: fine_maintanence_user_id_61a97be1; Type: INDEX; Schema: public; Owner: quantumd
--

CREATE INDEX fine_maintanence_user_id_61a97be1 ON public.fine_maintanence USING btree (librarian_id);


--
-- TOC entry 3442 (class 1259 OID 115287)
-- Name: issue_maintanence_book_id_620725fc; Type: INDEX; Schema: public; Owner: quantumd
--

CREATE INDEX issue_maintanence_book_id_620725fc ON public.issue_maintanence USING btree (book_id);


--
-- TOC entry 3443 (class 1259 OID 115288)
-- Name: issue_maintanence_librarian_id_116405d3; Type: INDEX; Schema: public; Owner: quantumd
--

CREATE INDEX issue_maintanence_librarian_id_116405d3 ON public.issue_maintanence USING btree (librarian_id);


--
-- TOC entry 3444 (class 1259 OID 115318)
-- Name: issue_maintanence_member_id_f9a981a0; Type: INDEX; Schema: public; Owner: quantumd
--

CREATE INDEX issue_maintanence_member_id_f9a981a0 ON public.issue_maintanence USING btree (member_id);


--
-- TOC entry 3429 (class 1259 OID 115238)
-- Name: member_detail_email_cc6a5e5d_like; Type: INDEX; Schema: public; Owner: quantumd
--

CREATE INDEX member_detail_email_cc6a5e5d_like ON public.member_detail USING btree (email varchar_pattern_ops);


--
-- TOC entry 3453 (class 1259 OID 122891)
-- Name: members_passwordresetotp_user_id_39f013f0; Type: INDEX; Schema: public; Owner: quantumd
--

CREATE INDEX members_passwordresetotp_user_id_39f013f0 ON public.members_passwordresetotp USING btree (user_id);


--
-- TOC entry 3436 (class 1259 OID 115246)
-- Name: notifications_user_id_468e288d; Type: INDEX; Schema: public; Owner: quantumd
--

CREATE INDEX notifications_user_id_468e288d ON public.notifications USING btree (user_id);


--
-- TOC entry 3412 (class 1259 OID 115220)
-- Name: user_details_email_baace718_like; Type: INDEX; Schema: public; Owner: quantumd
--

CREATE INDEX user_details_email_baace718_like ON public.librarian_details USING btree (email varchar_pattern_ops);


--
-- TOC entry 3417 (class 1259 OID 115219)
-- Name: user_details_username_4b50c1a0_like; Type: INDEX; Schema: public; Owner: quantumd
--

CREATE INDEX user_details_username_4b50c1a0_like ON public.librarian_details USING btree (username varchar_pattern_ops);


--
-- TOC entry 3476 (class 2606 OID 115102)
-- Name: auth_group_permissions auth_group_permissio_permission_id_84c5c92e_fk_auth_perm; Type: FK CONSTRAINT; Schema: public; Owner: quantumd
--

ALTER TABLE ONLY public.auth_group_permissions
    ADD CONSTRAINT auth_group_permissio_permission_id_84c5c92e_fk_auth_perm FOREIGN KEY (permission_id) REFERENCES public.auth_permission(id) DEFERRABLE INITIALLY DEFERRED;


--
-- TOC entry 3477 (class 2606 OID 115097)
-- Name: auth_group_permissions auth_group_permissions_group_id_b120cbf9_fk_auth_group_id; Type: FK CONSTRAINT; Schema: public; Owner: quantumd
--

ALTER TABLE ONLY public.auth_group_permissions
    ADD CONSTRAINT auth_group_permissions_group_id_b120cbf9_fk_auth_group_id FOREIGN KEY (group_id) REFERENCES public.auth_group(id) DEFERRABLE INITIALLY DEFERRED;


--
-- TOC entry 3475 (class 2606 OID 115088)
-- Name: auth_permission auth_permission_content_type_id_2f476e4b_fk_django_co; Type: FK CONSTRAINT; Schema: public; Owner: quantumd
--

ALTER TABLE ONLY public.auth_permission
    ADD CONSTRAINT auth_permission_content_type_id_2f476e4b_fk_django_co FOREIGN KEY (content_type_id) REFERENCES public.django_content_type(id) DEFERRABLE INITIALLY DEFERRED;


--
-- TOC entry 3478 (class 2606 OID 115117)
-- Name: auth_user_groups auth_user_groups_group_id_97559544_fk_auth_group_id; Type: FK CONSTRAINT; Schema: public; Owner: quantumd
--

ALTER TABLE ONLY public.auth_user_groups
    ADD CONSTRAINT auth_user_groups_group_id_97559544_fk_auth_group_id FOREIGN KEY (group_id) REFERENCES public.auth_group(id) DEFERRABLE INITIALLY DEFERRED;


--
-- TOC entry 3479 (class 2606 OID 115112)
-- Name: auth_user_groups auth_user_groups_user_id_6a12ed8b_fk_auth_user_id; Type: FK CONSTRAINT; Schema: public; Owner: quantumd
--

ALTER TABLE ONLY public.auth_user_groups
    ADD CONSTRAINT auth_user_groups_user_id_6a12ed8b_fk_auth_user_id FOREIGN KEY (user_id) REFERENCES public.auth_user(id) DEFERRABLE INITIALLY DEFERRED;


--
-- TOC entry 3480 (class 2606 OID 115131)
-- Name: auth_user_user_permissions auth_user_user_permi_permission_id_1fbb5f2c_fk_auth_perm; Type: FK CONSTRAINT; Schema: public; Owner: quantumd
--

ALTER TABLE ONLY public.auth_user_user_permissions
    ADD CONSTRAINT auth_user_user_permi_permission_id_1fbb5f2c_fk_auth_perm FOREIGN KEY (permission_id) REFERENCES public.auth_permission(id) DEFERRABLE INITIALLY DEFERRED;


--
-- TOC entry 3481 (class 2606 OID 115126)
-- Name: auth_user_user_permissions auth_user_user_permissions_user_id_a95ead1b_fk_auth_user_id; Type: FK CONSTRAINT; Schema: public; Owner: quantumd
--

ALTER TABLE ONLY public.auth_user_user_permissions
    ADD CONSTRAINT auth_user_user_permissions_user_id_a95ead1b_fk_auth_user_id FOREIGN KEY (user_id) REFERENCES public.auth_user(id) DEFERRABLE INITIALLY DEFERRED;


--
-- TOC entry 3484 (class 2606 OID 115221)
-- Name: book_details book_details_category_id_c5cfb175_fk_book_category_id; Type: FK CONSTRAINT; Schema: public; Owner: quantumd
--

ALTER TABLE ONLY public.book_details
    ADD CONSTRAINT book_details_category_id_c5cfb175_fk_book_category_id FOREIGN KEY (category_id) REFERENCES public.book_category(id) DEFERRABLE INITIALLY DEFERRED;


--
-- TOC entry 3482 (class 2606 OID 115147)
-- Name: django_admin_log django_admin_log_content_type_id_c4bce8eb_fk_django_co; Type: FK CONSTRAINT; Schema: public; Owner: quantumd
--

ALTER TABLE ONLY public.django_admin_log
    ADD CONSTRAINT django_admin_log_content_type_id_c4bce8eb_fk_django_co FOREIGN KEY (content_type_id) REFERENCES public.django_content_type(id) DEFERRABLE INITIALLY DEFERRED;


--
-- TOC entry 3483 (class 2606 OID 115152)
-- Name: django_admin_log django_admin_log_user_id_c564eba6_fk_auth_user_id; Type: FK CONSTRAINT; Schema: public; Owner: quantumd
--

ALTER TABLE ONLY public.django_admin_log
    ADD CONSTRAINT django_admin_log_user_id_c564eba6_fk_auth_user_id FOREIGN KEY (user_id) REFERENCES public.auth_user(id) DEFERRABLE INITIALLY DEFERRED;


--
-- TOC entry 3493 (class 2606 OID 131139)
-- Name: django_celery_beat_periodictask django_celery_beat_p_clocked_id_47a69f82_fk_django_ce; Type: FK CONSTRAINT; Schema: public; Owner: quantumd
--

ALTER TABLE ONLY public.django_celery_beat_periodictask
    ADD CONSTRAINT django_celery_beat_p_clocked_id_47a69f82_fk_django_ce FOREIGN KEY (clocked_id) REFERENCES public.django_celery_beat_clockedschedule(id) DEFERRABLE INITIALLY DEFERRED;


--
-- TOC entry 3494 (class 2606 OID 131100)
-- Name: django_celery_beat_periodictask django_celery_beat_p_crontab_id_d3cba168_fk_django_ce; Type: FK CONSTRAINT; Schema: public; Owner: quantumd
--

ALTER TABLE ONLY public.django_celery_beat_periodictask
    ADD CONSTRAINT django_celery_beat_p_crontab_id_d3cba168_fk_django_ce FOREIGN KEY (crontab_id) REFERENCES public.django_celery_beat_crontabschedule(id) DEFERRABLE INITIALLY DEFERRED;


--
-- TOC entry 3495 (class 2606 OID 131105)
-- Name: django_celery_beat_periodictask django_celery_beat_p_interval_id_a8ca27da_fk_django_ce; Type: FK CONSTRAINT; Schema: public; Owner: quantumd
--

ALTER TABLE ONLY public.django_celery_beat_periodictask
    ADD CONSTRAINT django_celery_beat_p_interval_id_a8ca27da_fk_django_ce FOREIGN KEY (interval_id) REFERENCES public.django_celery_beat_intervalschedule(id) DEFERRABLE INITIALLY DEFERRED;


--
-- TOC entry 3496 (class 2606 OID 131119)
-- Name: django_celery_beat_periodictask django_celery_beat_p_solar_id_a87ce72c_fk_django_ce; Type: FK CONSTRAINT; Schema: public; Owner: quantumd
--

ALTER TABLE ONLY public.django_celery_beat_periodictask
    ADD CONSTRAINT django_celery_beat_p_solar_id_a87ce72c_fk_django_ce FOREIGN KEY (solar_id) REFERENCES public.django_celery_beat_solarschedule(id) DEFERRABLE INITIALLY DEFERRED;


--
-- TOC entry 3486 (class 2606 OID 115247)
-- Name: fine_maintanence fine_maintanence_book_id_c8a3f081_fk_book_details_id; Type: FK CONSTRAINT; Schema: public; Owner: quantumd
--

ALTER TABLE ONLY public.fine_maintanence
    ADD CONSTRAINT fine_maintanence_book_id_c8a3f081_fk_book_details_id FOREIGN KEY (book_id) REFERENCES public.book_details(id) DEFERRABLE INITIALLY DEFERRED;


--
-- TOC entry 3487 (class 2606 OID 115259)
-- Name: fine_maintanence fine_maintanence_librarian_id_d3dd0265_fk_librarian_details_id; Type: FK CONSTRAINT; Schema: public; Owner: quantumd
--

ALTER TABLE ONLY public.fine_maintanence
    ADD CONSTRAINT fine_maintanence_librarian_id_d3dd0265_fk_librarian_details_id FOREIGN KEY (librarian_id) REFERENCES public.librarian_details(id) DEFERRABLE INITIALLY DEFERRED;


--
-- TOC entry 3488 (class 2606 OID 115300)
-- Name: fine_maintanence fine_maintanence_member_id_fe4a5db5_fk_member_detail_id; Type: FK CONSTRAINT; Schema: public; Owner: quantumd
--

ALTER TABLE ONLY public.fine_maintanence
    ADD CONSTRAINT fine_maintanence_member_id_fe4a5db5_fk_member_detail_id FOREIGN KEY (member_id) REFERENCES public.member_detail(id) DEFERRABLE INITIALLY DEFERRED;


--
-- TOC entry 3489 (class 2606 OID 115277)
-- Name: issue_maintanence issue_maintanence_book_id_620725fc_fk_book_details_id; Type: FK CONSTRAINT; Schema: public; Owner: quantumd
--

ALTER TABLE ONLY public.issue_maintanence
    ADD CONSTRAINT issue_maintanence_book_id_620725fc_fk_book_details_id FOREIGN KEY (book_id) REFERENCES public.book_details(id) DEFERRABLE INITIALLY DEFERRED;


--
-- TOC entry 3490 (class 2606 OID 115282)
-- Name: issue_maintanence issue_maintanence_librarian_id_116405d3_fk_librarian_details_id; Type: FK CONSTRAINT; Schema: public; Owner: quantumd
--

ALTER TABLE ONLY public.issue_maintanence
    ADD CONSTRAINT issue_maintanence_librarian_id_116405d3_fk_librarian_details_id FOREIGN KEY (librarian_id) REFERENCES public.librarian_details(id) DEFERRABLE INITIALLY DEFERRED;


--
-- TOC entry 3491 (class 2606 OID 115305)
-- Name: issue_maintanence issue_maintanence_member_id_f9a981a0_fk_member_detail_id; Type: FK CONSTRAINT; Schema: public; Owner: quantumd
--

ALTER TABLE ONLY public.issue_maintanence
    ADD CONSTRAINT issue_maintanence_member_id_f9a981a0_fk_member_detail_id FOREIGN KEY (member_id) REFERENCES public.member_detail(id) DEFERRABLE INITIALLY DEFERRED;


--
-- TOC entry 3492 (class 2606 OID 122886)
-- Name: members_passwordresetotp members_passwordresetotp_user_id_39f013f0_fk_auth_user_id; Type: FK CONSTRAINT; Schema: public; Owner: quantumd
--

ALTER TABLE ONLY public.members_passwordresetotp
    ADD CONSTRAINT members_passwordresetotp_user_id_39f013f0_fk_auth_user_id FOREIGN KEY (user_id) REFERENCES public.auth_user(id) DEFERRABLE INITIALLY DEFERRED;


--
-- TOC entry 3485 (class 2606 OID 115241)
-- Name: notifications notifications_user_id_468e288d_fk_member_detail_id; Type: FK CONSTRAINT; Schema: public; Owner: quantumd
--

ALTER TABLE ONLY public.notifications
    ADD CONSTRAINT notifications_user_id_468e288d_fk_member_detail_id FOREIGN KEY (user_id) REFERENCES public.member_detail(id) DEFERRABLE INITIALLY DEFERRED;


-- Completed on 2026-06-14 15:12:06 UTC

--
-- PostgreSQL database dump complete
--

\unrestrict y5lEXHGZW0XQPqQNQ2bobADTNVMegOpY3vJnCeDGgdRnvcQxH8K9n7OIG4k58q4

